smoke	Set up job	﻿2025-11-10T18:35:25.6074639Z Current runner version: '2.329.0'
smoke	Set up job	2025-11-10T18:35:25.6150567Z ##[group]Runner Image Provisioner
smoke	Set up job	2025-11-10T18:35:25.6151754Z Hosted Compute Agent
smoke	Set up job	2025-11-10T18:35:25.6152687Z Version: 20251016.436
smoke	Set up job	2025-11-10T18:35:25.6153758Z Commit: 8ab8ac8bfd662a3739dab9fe09456aba92132568
smoke	Set up job	2025-11-10T18:35:25.6154999Z Build Date: 2025-10-15T20:44:12Z
smoke	Set up job	2025-11-10T18:35:25.6156018Z ##[endgroup]
smoke	Set up job	2025-11-10T18:35:25.6167478Z ##[group]Operating System
smoke	Set up job	2025-11-10T18:35:25.6168498Z Ubuntu
smoke	Set up job	2025-11-10T18:35:25.6169240Z 24.04.3
smoke	Set up job	2025-11-10T18:35:25.6170161Z LTS
smoke	Set up job	2025-11-10T18:35:25.6170929Z ##[endgroup]
smoke	Set up job	2025-11-10T18:35:25.6171822Z ##[group]Runner Image
smoke	Set up job	2025-11-10T18:35:25.6172751Z Image: ubuntu-24.04
smoke	Set up job	2025-11-10T18:35:25.6173627Z Version: 20251102.99.1
smoke	Set up job	2025-11-10T18:35:25.6175339Z Included Software: https://github.com/actions/runner-images/blob/ubuntu24/20251102.99/images/ubuntu/Ubuntu2404-Readme.md
smoke	Set up job	2025-11-10T18:35:25.6178047Z Image Release: https://github.com/actions/runner-images/releases/tag/ubuntu24%2F20251102.99
smoke	Set up job	2025-11-10T18:35:25.6180047Z ##[endgroup]
smoke	Set up job	2025-11-10T18:35:25.6181969Z ##[group]GITHUB_TOKEN Permissions
smoke	Set up job	2025-11-10T18:35:25.6184652Z Contents: read
smoke	Set up job	2025-11-10T18:35:25.6185622Z Metadata: read
smoke	Set up job	2025-11-10T18:35:25.6206888Z Packages: read
smoke	Set up job	2025-11-10T18:35:25.6207836Z ##[endgroup]
smoke	Set up job	2025-11-10T18:35:25.6211163Z Secret source: Actions
smoke	Set up job	2025-11-10T18:35:25.6212354Z Prepare workflow directory
smoke	Set up job	2025-11-10T18:35:25.7168284Z Prepare all required actions
smoke	Set up job	2025-11-10T18:35:25.7294838Z Getting action download info
smoke	Set up job	2025-11-10T18:35:26.1214476Z Download action repository 'actions/checkout@v4' (SHA:08eba0b27e820071cde6df949e0beb9ba4906955)
smoke	Set up job	2025-11-10T18:35:26.2213660Z Download action repository 'actions/setup-python@v5' (SHA:a26af69be951a213d495a4c3e4e4022e16d87065)
smoke	Set up job	2025-11-10T18:35:26.3892818Z Complete job name: smoke
smoke	Run actions/checkout@v4	﻿2025-11-10T18:35:26.4568569Z ##[group]Run actions/checkout@v4
smoke	Run actions/checkout@v4	2025-11-10T18:35:26.4569430Z with:
smoke	Run actions/checkout@v4	2025-11-10T18:35:26.4569869Z   repository: RasmusTho/agentic-pkm-mvp
smoke	Run actions/checkout@v4	2025-11-10T18:35:26.4570632Z   token: ***
smoke	Run actions/checkout@v4	2025-11-10T18:35:26.4571061Z   ssh-strict: true
smoke	Run actions/checkout@v4	2025-11-10T18:35:26.4571459Z   ssh-user: git
smoke	Run actions/checkout@v4	2025-11-10T18:35:26.4571885Z   persist-credentials: true
smoke	Run actions/checkout@v4	2025-11-10T18:35:26.4572349Z   clean: true
smoke	Run actions/checkout@v4	2025-11-10T18:35:26.4572782Z   sparse-checkout-cone-mode: true
smoke	Run actions/checkout@v4	2025-11-10T18:35:26.4573274Z   fetch-depth: 1
smoke	Run actions/checkout@v4	2025-11-10T18:35:26.4573673Z   fetch-tags: false
smoke	Run actions/checkout@v4	2025-11-10T18:35:26.4574142Z   show-progress: true
smoke	Run actions/checkout@v4	2025-11-10T18:35:26.4574566Z   lfs: false
smoke	Run actions/checkout@v4	2025-11-10T18:35:26.4574940Z   submodules: false
smoke	Run actions/checkout@v4	2025-11-10T18:35:26.4575358Z   set-safe-directory: true
smoke	Run actions/checkout@v4	2025-11-10T18:35:26.4576020Z ##[endgroup]
smoke	Run actions/checkout@v4	2025-11-10T18:35:26.6523447Z Syncing repository: RasmusTho/agentic-pkm-mvp
smoke	Run actions/checkout@v4	2025-11-10T18:35:26.6525161Z ##[group]Getting Git version info
smoke	Run actions/checkout@v4	2025-11-10T18:35:26.6525984Z Working directory is '/home/runner/work/agentic-pkm-mvp/agentic-pkm-mvp'
smoke	Run actions/checkout@v4	2025-11-10T18:35:26.6528047Z [command]/usr/bin/git version
smoke	Run actions/checkout@v4	2025-11-10T18:35:26.6528589Z git version 2.51.2
smoke	Run actions/checkout@v4	2025-11-10T18:35:26.6530103Z ##[endgroup]
smoke	Run actions/checkout@v4	2025-11-10T18:35:26.6534379Z Temporarily overriding HOME='/home/runner/work/_temp/8fcb1d21-15d9-4c36-b404-5ff50770b0a6' before making global git config changes
smoke	Run actions/checkout@v4	2025-11-10T18:35:26.6535728Z Adding repository directory to the temporary git global config as a safe directory
smoke	Run actions/checkout@v4	2025-11-10T18:35:26.6537207Z [command]/usr/bin/git config --global --add safe.directory /home/runner/work/agentic-pkm-mvp/agentic-pkm-mvp
smoke	Run actions/checkout@v4	2025-11-10T18:35:26.6539114Z Deleting the contents of '/home/runner/work/agentic-pkm-mvp/agentic-pkm-mvp'
smoke	Run actions/checkout@v4	2025-11-10T18:35:26.6540839Z ##[group]Initializing the repository
smoke	Run actions/checkout@v4	2025-11-10T18:35:26.6541611Z [command]/usr/bin/git init /home/runner/work/agentic-pkm-mvp/agentic-pkm-mvp
smoke	Run actions/checkout@v4	2025-11-10T18:35:26.6542544Z hint: Using 'master' as the name for the initial branch. This default branch name
smoke	Run actions/checkout@v4	2025-11-10T18:35:26.6543774Z hint: is subject to change. To configure the initial branch name to use in all
smoke	Run actions/checkout@v4	2025-11-10T18:35:26.6545302Z hint: of your new repositories, which will suppress this warning, call:
smoke	Run actions/checkout@v4	2025-11-10T18:35:26.6546687Z hint:
smoke	Run actions/checkout@v4	2025-11-10T18:35:26.6547492Z hint: 	git config --global init.defaultBranch <name>
smoke	Run actions/checkout@v4	2025-11-10T18:35:26.6548485Z hint:
smoke	Run actions/checkout@v4	2025-11-10T18:35:26.6549085Z hint: Names commonly chosen instead of 'master' are 'main', 'trunk' and
smoke	Run actions/checkout@v4	2025-11-10T18:35:26.6549971Z hint: 'development'. The just-created branch can be renamed via this command:
smoke	Run actions/checkout@v4	2025-11-10T18:35:26.6550657Z hint:
smoke	Run actions/checkout@v4	2025-11-10T18:35:26.6551051Z hint: 	git branch -m <name>
smoke	Run actions/checkout@v4	2025-11-10T18:35:26.6551508Z hint:
smoke	Run actions/checkout@v4	2025-11-10T18:35:26.6552086Z hint: Disable this message with "git config set advice.defaultBranchName false"
smoke	Run actions/checkout@v4	2025-11-10T18:35:26.6553631Z Initialized empty Git repository in /home/runner/work/agentic-pkm-mvp/agentic-pkm-mvp/.git/
smoke	Run actions/checkout@v4	2025-11-10T18:35:26.6555881Z [command]/usr/bin/git remote add origin https://github.com/RasmusTho/agentic-pkm-mvp
smoke	Run actions/checkout@v4	2025-11-10T18:35:26.6557711Z ##[endgroup]
smoke	Run actions/checkout@v4	2025-11-10T18:35:26.6558410Z ##[group]Disabling automatic garbage collection
smoke	Run actions/checkout@v4	2025-11-10T18:35:26.6559040Z [command]/usr/bin/git config --local gc.auto 0
smoke	Run actions/checkout@v4	2025-11-10T18:35:26.6560705Z ##[endgroup]
smoke	Run actions/checkout@v4	2025-11-10T18:35:26.6561344Z ##[group]Setting up auth
smoke	Run actions/checkout@v4	2025-11-10T18:35:26.6562030Z [command]/usr/bin/git config --local --name-only --get-regexp core\.sshCommand
smoke	Run actions/checkout@v4	2025-11-10T18:35:26.6564313Z [command]/usr/bin/git submodule foreach --recursive sh -c "git config --local --name-only --get-regexp 'core\.sshCommand' && git config --local --unset-all 'core.sshCommand' || :"
smoke	Run actions/checkout@v4	2025-11-10T18:35:26.6866122Z [command]/usr/bin/git config --local --name-only --get-regexp http\.https\:\/\/github\.com\/\.extraheader
smoke	Run actions/checkout@v4	2025-11-10T18:35:26.6882818Z [command]/usr/bin/git submodule foreach --recursive sh -c "git config --local --name-only --get-regexp 'http\.https\:\/\/github\.com\/\.extraheader' && git config --local --unset-all 'http.https://github.com/.extraheader' || :"
smoke	Run actions/checkout@v4	2025-11-10T18:35:26.7231937Z [command]/usr/bin/git config --local http.https://github.com/.extraheader AUTHORIZATION: basic ***
smoke	Run actions/checkout@v4	2025-11-10T18:35:26.7234813Z ##[endgroup]
smoke	Run actions/checkout@v4	2025-11-10T18:35:26.7235613Z ##[group]Fetching the repository
smoke	Run actions/checkout@v4	2025-11-10T18:35:26.7237706Z [command]/usr/bin/git -c protocol.version=2 fetch --no-tags --prune --no-recurse-submodules --depth=1 origin +ea14582c50f101c5f38ac3b71d0788d743671b1e:refs/remotes/pull/44/merge
smoke	Run actions/checkout@v4	2025-11-10T18:35:27.0847394Z From https://github.com/RasmusTho/agentic-pkm-mvp
smoke	Run actions/checkout@v4	2025-11-10T18:35:27.0848958Z  * [new ref]         ea14582c50f101c5f38ac3b71d0788d743671b1e -> pull/44/merge
smoke	Run actions/checkout@v4	2025-11-10T18:35:27.0851826Z ##[endgroup]
smoke	Run actions/checkout@v4	2025-11-10T18:35:27.0853071Z ##[group]Determining the checkout info
smoke	Run actions/checkout@v4	2025-11-10T18:35:27.0854524Z ##[endgroup]
smoke	Run actions/checkout@v4	2025-11-10T18:35:27.0855404Z [command]/usr/bin/git sparse-checkout disable
smoke	Run actions/checkout@v4	2025-11-10T18:35:27.0857398Z [command]/usr/bin/git config --local --unset-all extensions.worktreeConfig
smoke	Run actions/checkout@v4	2025-11-10T18:35:27.0859881Z ##[group]Checking out the ref
smoke	Run actions/checkout@v4	2025-11-10T18:35:27.0861272Z [command]/usr/bin/git checkout --progress --force refs/remotes/pull/44/merge
smoke	Run actions/checkout@v4	2025-11-10T18:35:27.1596535Z Note: switching to 'refs/remotes/pull/44/merge'.
smoke	Run actions/checkout@v4	2025-11-10T18:35:27.1598021Z 
smoke	Run actions/checkout@v4	2025-11-10T18:35:27.1599316Z You are in 'detached HEAD' state. You can look around, make experimental
smoke	Run actions/checkout@v4	2025-11-10T18:35:27.1602490Z changes and commit them, and you can discard any commits you make in this
smoke	Run actions/checkout@v4	2025-11-10T18:35:27.1605217Z state without impacting any branches by switching back to a branch.
smoke	Run actions/checkout@v4	2025-11-10T18:35:27.1607973Z 
smoke	Run actions/checkout@v4	2025-11-10T18:35:27.1615848Z If you want to create a new branch to retain commits you create, you may
smoke	Run actions/checkout@v4	2025-11-10T18:35:27.1619561Z do so (now or later) by using -c with the switch command. Example:
smoke	Run actions/checkout@v4	2025-11-10T18:35:27.1620530Z 
smoke	Run actions/checkout@v4	2025-11-10T18:35:27.1620878Z   git switch -c <new-branch-name>
smoke	Run actions/checkout@v4	2025-11-10T18:35:27.1621468Z 
smoke	Run actions/checkout@v4	2025-11-10T18:35:27.1621796Z Or undo this operation with:
smoke	Run actions/checkout@v4	2025-11-10T18:35:27.1622319Z 
smoke	Run actions/checkout@v4	2025-11-10T18:35:27.1622621Z   git switch -
smoke	Run actions/checkout@v4	2025-11-10T18:35:27.1623090Z 
smoke	Run actions/checkout@v4	2025-11-10T18:35:27.1623744Z Turn off this advice by setting config variable advice.detachedHead to false
smoke	Run actions/checkout@v4	2025-11-10T18:35:27.1624790Z 
smoke	Run actions/checkout@v4	2025-11-10T18:35:27.1625913Z HEAD is now at ea14582 Merge 7479a77e16732b33a9764767eae9b5337792268b into 49b303f6f0369529e600c4e1e519d0e91cb092bb
smoke	Run actions/checkout@v4	2025-11-10T18:35:27.1629717Z ##[endgroup]
smoke	Run actions/checkout@v4	2025-11-10T18:35:27.1657800Z [command]/usr/bin/git log -1 --format=%H
smoke	Run actions/checkout@v4	2025-11-10T18:35:27.1682654Z ea14582c50f101c5f38ac3b71d0788d743671b1e
smoke	Set up Python 3.12	﻿2025-11-10T18:35:27.1953226Z ##[group]Run actions/setup-python@v5
smoke	Set up Python 3.12	2025-11-10T18:35:27.1953842Z with:
smoke	Set up Python 3.12	2025-11-10T18:35:27.1954276Z   python-version: 3.12
smoke	Set up Python 3.12	2025-11-10T18:35:27.1954737Z   cache: pip
smoke	Set up Python 3.12	2025-11-10T18:35:27.1955149Z   check-latest: false
smoke	Set up Python 3.12	2025-11-10T18:35:27.1955782Z   token: ***
smoke	Set up Python 3.12	2025-11-10T18:35:27.1956383Z   update-environment: true
smoke	Set up Python 3.12	2025-11-10T18:35:27.1956978Z   allow-prereleases: false
smoke	Set up Python 3.12	2025-11-10T18:35:27.1957482Z   freethreaded: false
smoke	Set up Python 3.12	2025-11-10T18:35:27.1957959Z ##[endgroup]
smoke	Set up Python 3.12	2025-11-10T18:35:27.3717514Z ##[group]Installed versions
smoke	Set up Python 3.12	2025-11-10T18:35:27.3865014Z Successfully set up CPython (3.12.12)
smoke	Set up Python 3.12	2025-11-10T18:35:27.3870722Z ##[endgroup]
smoke	Set up Python 3.12	2025-11-10T18:35:27.5198740Z [command]/opt/hostedtoolcache/Python/3.12.12/x64/bin/pip cache dir
smoke	Set up Python 3.12	2025-11-10T18:35:27.8998184Z /home/runner/.cache/pip
smoke	Set up Python 3.12	2025-11-10T18:35:28.0195801Z pip cache is not found
smoke	Install system deps (ffmpeg)	﻿2025-11-10T18:35:28.0364558Z ##[group]Run sudo apt-get update && sudo apt-get install -y ffmpeg
smoke	Install system deps (ffmpeg)	2025-11-10T18:35:28.0366782Z [36;1msudo apt-get update && sudo apt-get install -y ffmpeg[0m
smoke	Install system deps (ffmpeg)	2025-11-10T18:35:28.0409400Z shell: /usr/bin/bash -e {0}
smoke	Install system deps (ffmpeg)	2025-11-10T18:35:28.0410657Z env:
smoke	Install system deps (ffmpeg)	2025-11-10T18:35:28.0411884Z   pythonLocation: /opt/hostedtoolcache/Python/3.12.12/x64
smoke	Install system deps (ffmpeg)	2025-11-10T18:35:28.0413943Z   PKG_CONFIG_PATH: /opt/hostedtoolcache/Python/3.12.12/x64/lib/pkgconfig
smoke	Install system deps (ffmpeg)	2025-11-10T18:35:28.0416001Z   Python_ROOT_DIR: /opt/hostedtoolcache/Python/3.12.12/x64
smoke	Install system deps (ffmpeg)	2025-11-10T18:35:28.0417949Z   Python2_ROOT_DIR: /opt/hostedtoolcache/Python/3.12.12/x64
smoke	Install system deps (ffmpeg)	2025-11-10T18:35:28.0419770Z   Python3_ROOT_DIR: /opt/hostedtoolcache/Python/3.12.12/x64
smoke	Install system deps (ffmpeg)	2025-11-10T18:35:28.0421590Z   LD_LIBRARY_PATH: /opt/hostedtoolcache/Python/3.12.12/x64/lib
smoke	Install system deps (ffmpeg)	2025-11-10T18:35:28.0423129Z ##[endgroup]
smoke	Install system deps (ffmpeg)	2025-11-10T18:35:28.2404318Z Get:1 file:/etc/apt/apt-mirrors.txt Mirrorlist [144 B]
smoke	Install system deps (ffmpeg)	2025-11-10T18:35:28.2929041Z Get:6 https://packages.microsoft.com/repos/azure-cli noble InRelease [3564 B]
smoke	Install system deps (ffmpeg)	2025-11-10T18:35:28.3166843Z Hit:2 http://azure.archive.ubuntu.com/ubuntu noble InRelease
smoke	Install system deps (ffmpeg)	2025-11-10T18:35:28.3219520Z Get:7 https://packages.microsoft.com/ubuntu/24.04/prod noble InRelease [3600 B]
smoke	Install system deps (ffmpeg)	2025-11-10T18:35:28.3223093Z Get:3 http://azure.archive.ubuntu.com/ubuntu noble-updates InRelease [126 kB]
smoke	Install system deps (ffmpeg)	2025-11-10T18:35:28.3339802Z Get:4 http://azure.archive.ubuntu.com/ubuntu noble-backports InRelease [126 kB]
smoke	Install system deps (ffmpeg)	2025-11-10T18:35:28.3391081Z Get:5 http://azure.archive.ubuntu.com/ubuntu noble-security InRelease [126 kB]
smoke	Install system deps (ffmpeg)	2025-11-10T18:35:28.5641580Z Get:8 https://packages.microsoft.com/repos/azure-cli noble/main amd64 Packages [1700 B]
smoke	Install system deps (ffmpeg)	2025-11-10T18:35:28.6265292Z Get:9 https://packages.microsoft.com/ubuntu/24.04/prod noble/main amd64 Packages [67.0 kB]
smoke	Install system deps (ffmpeg)	2025-11-10T18:35:28.6303600Z Get:10 https://packages.microsoft.com/ubuntu/24.04/prod noble/main armhf Packages [11.2 kB]
smoke	Install system deps (ffmpeg)	2025-11-10T18:35:28.6393535Z Get:11 https://packages.microsoft.com/ubuntu/24.04/prod noble/main arm64 Packages [50.0 kB]
smoke	Install system deps (ffmpeg)	2025-11-10T18:35:28.6630202Z Get:12 http://azure.archive.ubuntu.com/ubuntu noble-updates/main amd64 Packages [1585 kB]
smoke	Install system deps (ffmpeg)	2025-11-10T18:35:28.7061635Z Get:13 http://azure.archive.ubuntu.com/ubuntu noble-updates/main Translation-en [299 kB]
smoke	Install system deps (ffmpeg)	2025-11-10T18:35:28.7124371Z Get:14 http://azure.archive.ubuntu.com/ubuntu noble-updates/main amd64 Components [175 kB]
smoke	Install system deps (ffmpeg)	2025-11-10T18:35:28.7152374Z Get:15 http://azure.archive.ubuntu.com/ubuntu noble-updates/main amd64 c-n-f Metadata [15.7 kB]
smoke	Install system deps (ffmpeg)	2025-11-10T18:35:28.7177926Z Get:16 http://azure.archive.ubuntu.com/ubuntu noble-updates/universe amd64 Packages [1498 kB]
smoke	Install system deps (ffmpeg)	2025-11-10T18:35:28.7340270Z Get:17 http://azure.archive.ubuntu.com/ubuntu noble-updates/universe amd64 Components [378 kB]
smoke	Install system deps (ffmpeg)	2025-11-10T18:35:28.7408524Z Get:18 http://azure.archive.ubuntu.com/ubuntu noble-updates/universe amd64 c-n-f Metadata [31.4 kB]
smoke	Install system deps (ffmpeg)	2025-11-10T18:35:28.7424727Z Get:19 http://azure.archive.ubuntu.com/ubuntu noble-updates/restricted amd64 Packages [2244 kB]
smoke	Install system deps (ffmpeg)	2025-11-10T18:35:28.7717951Z Get:20 http://azure.archive.ubuntu.com/ubuntu noble-updates/restricted Translation-en [509 kB]
smoke	Install system deps (ffmpeg)	2025-11-10T18:35:28.7784672Z Get:21 http://azure.archive.ubuntu.com/ubuntu noble-updates/restricted amd64 Components [212 B]
smoke	Install system deps (ffmpeg)	2025-11-10T18:35:28.8235624Z Get:22 http://azure.archive.ubuntu.com/ubuntu noble-updates/multiverse amd64 Components [940 B]
smoke	Install system deps (ffmpeg)	2025-11-10T18:35:28.8252394Z Get:23 http://azure.archive.ubuntu.com/ubuntu noble-backports/main amd64 Components [7124 B]
smoke	Install system deps (ffmpeg)	2025-11-10T18:35:28.8266438Z Get:24 http://azure.archive.ubuntu.com/ubuntu noble-backports/universe amd64 Components [11.0 kB]
smoke	Install system deps (ffmpeg)	2025-11-10T18:35:28.8281086Z Get:25 http://azure.archive.ubuntu.com/ubuntu noble-backports/restricted amd64 Components [216 B]
smoke	Install system deps (ffmpeg)	2025-11-10T18:35:28.8294920Z Get:26 http://azure.archive.ubuntu.com/ubuntu noble-backports/multiverse amd64 Components [212 B]
smoke	Install system deps (ffmpeg)	2025-11-10T18:35:28.8308798Z Get:27 http://azure.archive.ubuntu.com/ubuntu noble-security/main amd64 Packages [1305 kB]
smoke	Install system deps (ffmpeg)	2025-11-10T18:35:28.8389284Z Get:28 http://azure.archive.ubuntu.com/ubuntu noble-security/main Translation-en [215 kB]
smoke	Install system deps (ffmpeg)	2025-11-10T18:35:28.8423095Z Get:29 http://azure.archive.ubuntu.com/ubuntu noble-security/main amd64 Components [21.6 kB]
smoke	Install system deps (ffmpeg)	2025-11-10T18:35:28.8436722Z Get:30 http://azure.archive.ubuntu.com/ubuntu noble-security/main amd64 c-n-f Metadata [9336 B]
smoke	Install system deps (ffmpeg)	2025-11-10T18:35:28.8469245Z Get:31 http://azure.archive.ubuntu.com/ubuntu noble-security/universe amd64 Packages [906 kB]
smoke	Install system deps (ffmpeg)	2025-11-10T18:35:28.8519018Z Get:32 http://azure.archive.ubuntu.com/ubuntu noble-security/universe Translation-en [203 kB]
smoke	Install system deps (ffmpeg)	2025-11-10T18:35:28.8548610Z Get:33 http://azure.archive.ubuntu.com/ubuntu noble-security/universe amd64 Components [52.3 kB]
smoke	Install system deps (ffmpeg)	2025-11-10T18:35:28.8570845Z Get:34 http://azure.archive.ubuntu.com/ubuntu noble-security/universe amd64 c-n-f Metadata [19.4 kB]
smoke	Install system deps (ffmpeg)	2025-11-10T18:35:28.8592460Z Get:35 http://azure.archive.ubuntu.com/ubuntu noble-security/restricted amd64 Packages [2135 kB]
smoke	Install system deps (ffmpeg)	2025-11-10T18:35:28.9274175Z Get:36 http://azure.archive.ubuntu.com/ubuntu noble-security/restricted Translation-en [485 kB]
smoke	Install system deps (ffmpeg)	2025-11-10T18:35:28.9283978Z Get:37 http://azure.archive.ubuntu.com/ubuntu noble-security/restricted amd64 Components [212 B]
smoke	Install system deps (ffmpeg)	2025-11-10T18:35:28.9285127Z Get:38 http://azure.archive.ubuntu.com/ubuntu noble-security/multiverse amd64 Components [212 B]
smoke	Install system deps (ffmpeg)	2025-11-10T18:35:38.3255014Z Fetched 12.6 MB in 2s (6150 kB/s)
smoke	Install system deps (ffmpeg)	2025-11-10T18:35:39.0960086Z Reading package lists...
smoke	Install system deps (ffmpeg)	2025-11-10T18:35:39.1297417Z Reading package lists...
smoke	Install system deps (ffmpeg)	2025-11-10T18:35:39.3523576Z Building dependency tree...
smoke	Install system deps (ffmpeg)	2025-11-10T18:35:39.3532852Z Reading state information...
smoke	Install system deps (ffmpeg)	2025-11-10T18:35:39.5561649Z The following additional packages will be installed:
smoke	Install system deps (ffmpeg)	2025-11-10T18:35:39.5564357Z   i965-va-driver intel-media-va-driver libaacs0 libass9 libasyncns0
smoke	Install system deps (ffmpeg)	2025-11-10T18:35:39.5565210Z   libavc1394-0 libavcodec60 libavdevice60 libavfilter9 libavformat60
smoke	Install system deps (ffmpeg)	2025-11-10T18:35:39.5566002Z   libavutil58 libbdplus0 libblas3 libbluray2 libbs2b0 libcaca0
smoke	Install system deps (ffmpeg)	2025-11-10T18:35:39.5567032Z   libcdio-cdda2t64 libcdio-paranoia2t64 libcdio19t64 libchromaprint1 libcjson1
smoke	Install system deps (ffmpeg)	2025-11-10T18:35:39.5567896Z   libcodec2-1.2 libdav1d7 libdc1394-25 libdecor-0-0 libdecor-0-plugin-1-gtk
smoke	Install system deps (ffmpeg)	2025-11-10T18:35:39.5568671Z   libflac12t64 libflite1 libgme0 libgsm1 libhwy1t64 libiec61883-0 libigdgmm12
smoke	Install system deps (ffmpeg)	2025-11-10T18:35:39.5569408Z   libjack-jackd2-0 libjxl0.7 liblapack3 liblilv-0-0 libmbedcrypto7t64
smoke	Install system deps (ffmpeg)	2025-11-10T18:35:39.5570114Z   libmp3lame0 libmpg123-0t64 libmysofa1 libopenal-data libopenal1
smoke	Install system deps (ffmpeg)	2025-11-10T18:35:39.5570824Z   libopenmpt0t64 libopus0 libplacebo338 libpocketsphinx3 libpostproc57
smoke	Install system deps (ffmpeg)	2025-11-10T18:35:39.5571611Z   libpulse0 librav1e0 libraw1394-11 librist4 librsvg2-2 librsvg2-common
smoke	Install system deps (ffmpeg)	2025-11-10T18:35:39.5572416Z   librubberband2 libsamplerate0 libsdl2-2.0-0 libserd-0-0 libshine3
smoke	Install system deps (ffmpeg)	2025-11-10T18:35:39.5573151Z   libsndfile1 libsndio7.0 libsord-0-0 libsoxr0 libspeex1 libsphinxbase3t64
smoke	Install system deps (ffmpeg)	2025-11-10T18:35:39.5574098Z   libsratom-0-0 libsrt1.5-gnutls libssh-4 libssh-gcrypt-4 libsvtav1enc1d1
smoke	Install system deps (ffmpeg)	2025-11-10T18:35:39.5580842Z   libswresample4 libswscale7 libtheora0 libtwolame0 libudfread0 libunibreak5
smoke	Install system deps (ffmpeg)	2025-11-10T18:35:39.5582879Z   libva-drm2 libva-x11-2 libva2 libvdpau1 libvidstab1.1 libvorbisenc2 libvpl2
smoke	Install system deps (ffmpeg)	2025-11-10T18:35:39.5583610Z   libvpx9 libx264-164 libx265-199 libxcb-shape0 libxv1 libxvidcore4 libzimg2
smoke	Install system deps (ffmpeg)	2025-11-10T18:35:39.5584366Z   libzix-0-0 libzvbi-common libzvbi0t64 mesa-va-drivers mesa-vdpau-drivers
smoke	Install system deps (ffmpeg)	2025-11-10T18:35:39.5585146Z   ocl-icd-libopencl1 pocketsphinx-en-us va-driver-all vdpau-driver-all
smoke	Install system deps (ffmpeg)	2025-11-10T18:35:39.5585732Z Suggested packages:
smoke	Install system deps (ffmpeg)	2025-11-10T18:35:39.5586448Z   ffmpeg-doc i965-va-driver-shaders libcuda1 libnvcuvid1 libnvidia-encode1
smoke	Install system deps (ffmpeg)	2025-11-10T18:35:39.5587237Z   libbluray-bdj jackd2 libportaudio2 opus-tools pulseaudio libraw1394-doc
smoke	Install system deps (ffmpeg)	2025-11-10T18:35:39.5588557Z   librsvg2-bin serdi sndiod sordi speex opencl-icd libvdpau-va-gl1
smoke	Install system deps (ffmpeg)	2025-11-10T18:35:39.6325542Z The following NEW packages will be installed:
smoke	Install system deps (ffmpeg)	2025-11-10T18:35:39.6328686Z   ffmpeg i965-va-driver intel-media-va-driver libaacs0 libass9 libasyncns0
smoke	Install system deps (ffmpeg)	2025-11-10T18:35:39.6331349Z   libavc1394-0 libavcodec60 libavdevice60 libavfilter9 libavformat60
smoke	Install system deps (ffmpeg)	2025-11-10T18:35:39.6332664Z   libavutil58 libbdplus0 libblas3 libbluray2 libbs2b0 libcaca0
smoke	Install system deps (ffmpeg)	2025-11-10T18:35:39.6333491Z   libcdio-cdda2t64 libcdio-paranoia2t64 libcdio19t64 libchromaprint1 libcjson1
smoke	Install system deps (ffmpeg)	2025-11-10T18:35:39.6334389Z   libcodec2-1.2 libdav1d7 libdc1394-25 libdecor-0-0 libdecor-0-plugin-1-gtk
smoke	Install system deps (ffmpeg)	2025-11-10T18:35:39.6335256Z   libflac12t64 libflite1 libgme0 libgsm1 libhwy1t64 libiec61883-0 libigdgmm12
smoke	Install system deps (ffmpeg)	2025-11-10T18:35:39.6336096Z   libjack-jackd2-0 libjxl0.7 liblapack3 liblilv-0-0 libmbedcrypto7t64
smoke	Install system deps (ffmpeg)	2025-11-10T18:35:39.6337073Z   libmp3lame0 libmpg123-0t64 libmysofa1 libopenal-data libopenal1
smoke	Install system deps (ffmpeg)	2025-11-10T18:35:39.6340245Z   libopenmpt0t64 libopus0 libplacebo338 libpocketsphinx3 libpostproc57
smoke	Install system deps (ffmpeg)	2025-11-10T18:35:39.6348544Z   libpulse0 librav1e0 libraw1394-11 librist4 librsvg2-2 librsvg2-common
smoke	Install system deps (ffmpeg)	2025-11-10T18:35:39.6349274Z   librubberband2 libsamplerate0 libsdl2-2.0-0 libserd-0-0 libshine3
smoke	Install system deps (ffmpeg)	2025-11-10T18:35:39.6349963Z   libsndfile1 libsndio7.0 libsord-0-0 libsoxr0 libspeex1 libsphinxbase3t64
smoke	Install system deps (ffmpeg)	2025-11-10T18:35:39.6350688Z   libsratom-0-0 libsrt1.5-gnutls libssh-gcrypt-4 libsvtav1enc1d1
smoke	Install system deps (ffmpeg)	2025-11-10T18:35:39.6351414Z   libswresample4 libswscale7 libtheora0 libtwolame0 libudfread0 libunibreak5
smoke	Install system deps (ffmpeg)	2025-11-10T18:35:39.6352191Z   libva-drm2 libva-x11-2 libva2 libvdpau1 libvidstab1.1 libvorbisenc2 libvpl2
smoke	Install system deps (ffmpeg)	2025-11-10T18:35:39.6352936Z   libvpx9 libx264-164 libx265-199 libxcb-shape0 libxv1 libxvidcore4 libzimg2
smoke	Install system deps (ffmpeg)	2025-11-10T18:35:39.6353703Z   libzix-0-0 libzvbi-common libzvbi0t64 mesa-va-drivers mesa-vdpau-drivers
smoke	Install system deps (ffmpeg)	2025-11-10T18:35:39.6354461Z   ocl-icd-libopencl1 pocketsphinx-en-us va-driver-all vdpau-driver-all
smoke	Install system deps (ffmpeg)	2025-11-10T18:35:39.6358782Z The following packages will be upgraded:
smoke	Install system deps (ffmpeg)	2025-11-10T18:35:39.6362629Z   libssh-4
smoke	Install system deps (ffmpeg)	2025-11-10T18:35:39.6578098Z 1 upgraded, 99 newly installed, 0 to remove and 21 not upgraded.
smoke	Install system deps (ffmpeg)	2025-11-10T18:35:39.6584099Z Need to get 94.3 MB of archives.
smoke	Install system deps (ffmpeg)	2025-11-10T18:35:39.6584638Z After this operation, 227 MB of additional disk space will be used.
smoke	Install system deps (ffmpeg)	2025-11-10T18:35:39.6586845Z Get:1 file:/etc/apt/apt-mirrors.txt Mirrorlist [144 B]
smoke	Install system deps (ffmpeg)	2025-11-10T18:35:39.6870429Z Get:2 http://azure.archive.ubuntu.com/ubuntu noble/universe amd64 libva2 amd64 2.20.0-2build1 [66.2 kB]
smoke	Install system deps (ffmpeg)	2025-11-10T18:35:39.6984642Z Get:3 http://azure.archive.ubuntu.com/ubuntu noble/universe amd64 libva-drm2 amd64 2.20.0-2build1 [7124 B]
smoke	Install system deps (ffmpeg)	2025-11-10T18:35:39.7075701Z Get:4 http://azure.archive.ubuntu.com/ubuntu noble/universe amd64 libva-x11-2 amd64 2.20.0-2build1 [12.0 kB]
smoke	Install system deps (ffmpeg)	2025-11-10T18:35:39.7166916Z Get:5 http://azure.archive.ubuntu.com/ubuntu noble/main amd64 libvdpau1 amd64 1.5-2build1 [27.8 kB]
smoke	Install system deps (ffmpeg)	2025-11-10T18:35:39.7261199Z Get:6 http://azure.archive.ubuntu.com/ubuntu noble/universe amd64 libvpl2 amd64 2023.3.0-1build1 [99.8 kB]
smoke	Install system deps (ffmpeg)	2025-11-10T18:35:39.7380617Z Get:7 http://azure.archive.ubuntu.com/ubuntu noble/universe amd64 ocl-icd-libopencl1 amd64 2.3.2-1build1 [38.5 kB]
smoke	Install system deps (ffmpeg)	2025-11-10T18:35:39.7471608Z Get:8 http://azure.archive.ubuntu.com/ubuntu noble/universe amd64 libavutil58 amd64 7:6.1.1-3ubuntu5 [401 kB]
smoke	Install system deps (ffmpeg)	2025-11-10T18:35:39.7622971Z Get:9 http://azure.archive.ubuntu.com/ubuntu noble/universe amd64 libcodec2-1.2 amd64 1.2.0-2build1 [8998 kB]
smoke	Install system deps (ffmpeg)	2025-11-10T18:35:39.9387617Z Get:10 http://azure.archive.ubuntu.com/ubuntu noble/universe amd64 libdav1d7 amd64 1.4.1-1build1 [604 kB]
smoke	Install system deps (ffmpeg)	2025-11-10T18:35:39.9586918Z Get:11 http://azure.archive.ubuntu.com/ubuntu noble/universe amd64 libgsm1 amd64 1.0.22-1build1 [27.8 kB]
smoke	Install system deps (ffmpeg)	2025-11-10T18:35:39.9674753Z Get:12 http://azure.archive.ubuntu.com/ubuntu noble/universe amd64 libhwy1t64 amd64 1.0.7-8.1build1 [584 kB]
smoke	Install system deps (ffmpeg)	2025-11-10T18:35:39.9845549Z Get:13 http://azure.archive.ubuntu.com/ubuntu noble-updates/universe amd64 libjxl0.7 amd64 0.7.0-10.2ubuntu6.1 [1001 kB]
smoke	Install system deps (ffmpeg)	2025-11-10T18:35:40.0079918Z Get:14 http://azure.archive.ubuntu.com/ubuntu noble/main amd64 libmp3lame0 amd64 3.100-6build1 [142 kB]
smoke	Install system deps (ffmpeg)	2025-11-10T18:35:40.0180169Z Get:15 http://azure.archive.ubuntu.com/ubuntu noble/main amd64 libopus0 amd64 1.4-1build1 [208 kB]
smoke	Install system deps (ffmpeg)	2025-11-10T18:35:40.0286085Z Get:16 http://azure.archive.ubuntu.com/ubuntu noble/universe amd64 librav1e0 amd64 0.7.1-2 [1022 kB]
smoke	Install system deps (ffmpeg)	2025-11-10T18:35:40.0486041Z Get:17 http://azure.archive.ubuntu.com/ubuntu noble/main amd64 librsvg2-2 amd64 2.58.0+dfsg-1build1 [2135 kB]
smoke	Install system deps (ffmpeg)	2025-11-10T18:35:40.0886894Z Get:18 http://azure.archive.ubuntu.com/ubuntu noble/universe amd64 libshine3 amd64 3.1.1-2build1 [23.2 kB]
smoke	Install system deps (ffmpeg)	2025-11-10T18:35:40.0973398Z Get:19 http://azure.archive.ubuntu.com/ubuntu noble-updates/main amd64 libspeex1 amd64 1.2.1-2ubuntu2.24.04.1 [59.6 kB]
smoke	Install system deps (ffmpeg)	2025-11-10T18:35:40.1065398Z Get:20 http://azure.archive.ubuntu.com/ubuntu noble/universe amd64 libsvtav1enc1d1 amd64 1.7.0+dfsg-2build1 [2425 kB]
smoke	Install system deps (ffmpeg)	2025-11-10T18:35:40.1383558Z Get:21 http://azure.archive.ubuntu.com/ubuntu noble/universe amd64 libsoxr0 amd64 0.1.3-4build3 [80.0 kB]
smoke	Install system deps (ffmpeg)	2025-11-10T18:35:40.1478179Z Get:22 http://azure.archive.ubuntu.com/ubuntu noble/universe amd64 libswresample4 amd64 7:6.1.1-3ubuntu5 [63.8 kB]
smoke	Install system deps (ffmpeg)	2025-11-10T18:35:40.1572818Z Get:23 http://azure.archive.ubuntu.com/ubuntu noble/main amd64 libtheora0 amd64 1.1.1+dfsg.1-16.1build3 [211 kB]
smoke	Install system deps (ffmpeg)	2025-11-10T18:35:40.1687137Z Get:24 http://azure.archive.ubuntu.com/ubuntu noble/main amd64 libtwolame0 amd64 0.4.0-2build3 [52.3 kB]
smoke	Install system deps (ffmpeg)	2025-11-10T18:35:40.1779651Z Get:25 http://azure.archive.ubuntu.com/ubuntu noble/main amd64 libvorbisenc2 amd64 1.3.7-1build3 [80.8 kB]
smoke	Install system deps (ffmpeg)	2025-11-10T18:35:40.1879597Z Get:26 http://azure.archive.ubuntu.com/ubuntu noble-updates/main amd64 libvpx9 amd64 1.14.0-1ubuntu2.2 [1143 kB]
smoke	Install system deps (ffmpeg)	2025-11-10T18:35:40.2184368Z Get:27 http://azure.archive.ubuntu.com/ubuntu noble/universe amd64 libx264-164 amd64 2:0.164.3108+git31e19f9-1 [604 kB]
smoke	Install system deps (ffmpeg)	2025-11-10T18:35:40.2409691Z Get:28 http://azure.archive.ubuntu.com/ubuntu noble/universe amd64 libx265-199 amd64 3.5-2build1 [1226 kB]
smoke	Install system deps (ffmpeg)	2025-11-10T18:35:40.2665599Z Get:29 http://azure.archive.ubuntu.com/ubuntu noble/universe amd64 libxvidcore4 amd64 2:1.3.7-1build1 [219 kB]
smoke	Install system deps (ffmpeg)	2025-11-10T18:35:40.2777531Z Get:30 http://azure.archive.ubuntu.com/ubuntu noble/universe amd64 libzvbi-common all 0.2.42-2 [42.4 kB]
smoke	Install system deps (ffmpeg)	2025-11-10T18:35:40.2879289Z Get:31 http://azure.archive.ubuntu.com/ubuntu noble/universe amd64 libzvbi0t64 amd64 0.2.42-2 [261 kB]
smoke	Install system deps (ffmpeg)	2025-11-10T18:35:40.3035760Z Get:32 http://azure.archive.ubuntu.com/ubuntu noble/universe amd64 libavcodec60 amd64 7:6.1.1-3ubuntu5 [5851 kB]
smoke	Install system deps (ffmpeg)	2025-11-10T18:35:40.3783702Z Get:33 http://azure.archive.ubuntu.com/ubuntu noble/main amd64 libraw1394-11 amd64 2.1.2-2build3 [26.2 kB]
smoke	Install system deps (ffmpeg)	2025-11-10T18:35:40.3879440Z Get:34 http://azure.archive.ubuntu.com/ubuntu noble/main amd64 libavc1394-0 amd64 0.5.4-5build3 [15.4 kB]
smoke	Install system deps (ffmpeg)	2025-11-10T18:35:40.3975229Z Get:35 http://azure.archive.ubuntu.com/ubuntu noble/universe amd64 libunibreak5 amd64 5.1-2build1 [25.0 kB]
smoke	Install system deps (ffmpeg)	2025-11-10T18:35:40.4092316Z Get:36 http://azure.archive.ubuntu.com/ubuntu noble/universe amd64 libass9 amd64 1:0.17.1-2build1 [104 kB]
smoke	Install system deps (ffmpeg)	2025-11-10T18:35:40.4187242Z Get:37 http://azure.archive.ubuntu.com/ubuntu noble/universe amd64 libudfread0 amd64 1.1.2-1build1 [19.0 kB]
smoke	Install system deps (ffmpeg)	2025-11-10T18:35:40.4274360Z Get:38 http://azure.archive.ubuntu.com/ubuntu noble/universe amd64 libbluray2 amd64 1:1.3.4-1build1 [159 kB]
smoke	Install system deps (ffmpeg)	2025-11-10T18:35:40.4833360Z Get:39 http://azure.archive.ubuntu.com/ubuntu noble/universe amd64 libchromaprint1 amd64 1.5.1-5 [30.5 kB]
smoke	Install system deps (ffmpeg)	2025-11-10T18:35:40.4918109Z Get:40 http://azure.archive.ubuntu.com/ubuntu noble/universe amd64 libgme0 amd64 0.6.3-7build1 [134 kB]
smoke	Install system deps (ffmpeg)	2025-11-10T18:35:40.5010700Z Get:41 http://azure.archive.ubuntu.com/ubuntu noble-updates/main amd64 libmpg123-0t64 amd64 1.32.5-1ubuntu1.1 [169 kB]
smoke	Install system deps (ffmpeg)	2025-11-10T18:35:40.5142152Z Get:42 http://azure.archive.ubuntu.com/ubuntu noble/universe amd64 libopenmpt0t64 amd64 0.7.3-1.1build3 [647 kB]
smoke	Install system deps (ffmpeg)	2025-11-10T18:35:40.5274724Z Get:43 http://azure.archive.ubuntu.com/ubuntu noble/universe amd64 libcjson1 amd64 1.7.17-1 [24.8 kB]
smoke	Install system deps (ffmpeg)	2025-11-10T18:35:40.5364976Z Get:44 http://azure.archive.ubuntu.com/ubuntu noble/universe amd64 libmbedcrypto7t64 amd64 2.28.8-1 [209 kB]
smoke	Install system deps (ffmpeg)	2025-11-10T18:35:40.5466118Z Get:45 http://azure.archive.ubuntu.com/ubuntu noble/universe amd64 librist4 amd64 0.2.10+dfsg-2 [74.9 kB]
smoke	Install system deps (ffmpeg)	2025-11-10T18:35:40.5563038Z Get:46 http://azure.archive.ubuntu.com/ubuntu noble/universe amd64 libsrt1.5-gnutls amd64 1.5.3-1build2 [316 kB]
smoke	Install system deps (ffmpeg)	2025-11-10T18:35:40.5682288Z Get:47 http://azure.archive.ubuntu.com/ubuntu noble-updates/main amd64 libssh-gcrypt-4 amd64 0.10.6-2ubuntu0.2 [224 kB]
smoke	Install system deps (ffmpeg)	2025-11-10T18:35:40.5810515Z Get:48 http://azure.archive.ubuntu.com/ubuntu noble/universe amd64 libavformat60 amd64 7:6.1.1-3ubuntu5 [1153 kB]
smoke	Install system deps (ffmpeg)	2025-11-10T18:35:40.6011187Z Get:49 http://azure.archive.ubuntu.com/ubuntu noble/universe amd64 libbs2b0 amd64 3.1.0+dfsg-7build1 [10.6 kB]
smoke	Install system deps (ffmpeg)	2025-11-10T18:35:40.6104115Z Get:50 http://azure.archive.ubuntu.com/ubuntu noble/universe amd64 libflite1 amd64 2.2-6build3 [13.6 MB]
smoke	Install system deps (ffmpeg)	2025-11-10T18:35:40.7766538Z Get:51 http://azure.archive.ubuntu.com/ubuntu noble/universe amd64 libserd-0-0 amd64 0.32.2-1 [43.6 kB]
smoke	Install system deps (ffmpeg)	2025-11-10T18:35:40.8225949Z Get:52 http://azure.archive.ubuntu.com/ubuntu noble/universe amd64 libzix-0-0 amd64 0.4.2-2build1 [23.6 kB]
smoke	Install system deps (ffmpeg)	2025-11-10T18:35:40.8339206Z Get:53 http://azure.archive.ubuntu.com/ubuntu noble/universe amd64 libsord-0-0 amd64 0.16.16-2build1 [15.8 kB]
smoke	Install system deps (ffmpeg)	2025-11-10T18:35:40.8424505Z Get:54 http://azure.archive.ubuntu.com/ubuntu noble/universe amd64 libsratom-0-0 amd64 0.6.16-1build1 [17.3 kB]
smoke	Install system deps (ffmpeg)	2025-11-10T18:35:40.8579987Z Get:55 http://azure.archive.ubuntu.com/ubuntu noble/universe amd64 liblilv-0-0 amd64 0.24.22-1build1 [41.0 kB]
smoke	Install system deps (ffmpeg)	2025-11-10T18:35:40.8735667Z Get:56 http://azure.archive.ubuntu.com/ubuntu noble/universe amd64 libmysofa1 amd64 1.3.2+dfsg-2ubuntu2 [1158 kB]
smoke	Install system deps (ffmpeg)	2025-11-10T18:35:40.9097230Z Get:57 http://azure.archive.ubuntu.com/ubuntu noble/universe amd64 libplacebo338 amd64 6.338.2-2build1 [2654 kB]
smoke	Install system deps (ffmpeg)	2025-11-10T18:35:40.9916886Z Get:58 http://azure.archive.ubuntu.com/ubuntu noble-updates/main amd64 libblas3 amd64 3.12.0-3build1.1 [238 kB]
smoke	Install system deps (ffmpeg)	2025-11-10T18:35:41.0228757Z Get:59 http://azure.archive.ubuntu.com/ubuntu noble-updates/main amd64 liblapack3 amd64 3.12.0-3build1.1 [2646 kB]
smoke	Install system deps (ffmpeg)	2025-11-10T18:35:41.0627732Z Get:60 http://azure.archive.ubuntu.com/ubuntu noble/main amd64 libasyncns0 amd64 0.8-6build4 [11.3 kB]
smoke	Install system deps (ffmpeg)	2025-11-10T18:35:41.0707265Z Get:61 http://azure.archive.ubuntu.com/ubuntu noble/main amd64 libflac12t64 amd64 1.4.3+ds-2.1ubuntu2 [197 kB]
smoke	Install system deps (ffmpeg)	2025-11-10T18:35:41.0825953Z Get:62 http://azure.archive.ubuntu.com/ubuntu noble-updates/main amd64 libsndfile1 amd64 1.2.2-1ubuntu5.24.04.1 [209 kB]
smoke	Install system deps (ffmpeg)	2025-11-10T18:35:41.0923880Z Get:63 http://azure.archive.ubuntu.com/ubuntu noble-updates/main amd64 libpulse0 amd64 1:16.1+dfsg1-2ubuntu10.1 [292 kB]
smoke	Install system deps (ffmpeg)	2025-11-10T18:35:41.1032533Z Get:64 http://azure.archive.ubuntu.com/ubuntu noble/universe amd64 libsphinxbase3t64 amd64 0.8+5prealpha+1-17build2 [126 kB]
smoke	Install system deps (ffmpeg)	2025-11-10T18:35:41.1127936Z Get:65 http://azure.archive.ubuntu.com/ubuntu noble/universe amd64 libpocketsphinx3 amd64 0.8.0+real5prealpha+1-15ubuntu5 [133 kB]
smoke	Install system deps (ffmpeg)	2025-11-10T18:35:41.1219761Z Get:66 http://azure.archive.ubuntu.com/ubuntu noble/universe amd64 libpostproc57 amd64 7:6.1.1-3ubuntu5 [49.9 kB]
smoke	Install system deps (ffmpeg)	2025-11-10T18:35:41.1307465Z Get:67 http://azure.archive.ubuntu.com/ubuntu noble/main amd64 libsamplerate0 amd64 0.2.2-4build1 [1344 kB]
smoke	Install system deps (ffmpeg)	2025-11-10T18:35:41.1534731Z Get:68 http://azure.archive.ubuntu.com/ubuntu noble/universe amd64 librubberband2 amd64 3.3.0+dfsg-2build1 [130 kB]
smoke	Install system deps (ffmpeg)	2025-11-10T18:35:41.1623836Z Get:69 http://azure.archive.ubuntu.com/ubuntu noble/universe amd64 libswscale7 amd64 7:6.1.1-3ubuntu5 [193 kB]
smoke	Install system deps (ffmpeg)	2025-11-10T18:35:41.1717029Z Get:70 http://azure.archive.ubuntu.com/ubuntu noble/universe amd64 libvidstab1.1 amd64 1.1.0-2build1 [38.5 kB]
smoke	Install system deps (ffmpeg)	2025-11-10T18:35:41.1795362Z Get:71 http://azure.archive.ubuntu.com/ubuntu noble/universe amd64 libzimg2 amd64 3.0.5+ds1-1build1 [254 kB]
smoke	Install system deps (ffmpeg)	2025-11-10T18:35:41.1895784Z Get:72 http://azure.archive.ubuntu.com/ubuntu noble/universe amd64 libavfilter9 amd64 7:6.1.1-3ubuntu5 [4235 kB]
smoke	Install system deps (ffmpeg)	2025-11-10T18:35:41.2347075Z Get:73 http://azure.archive.ubuntu.com/ubuntu noble/main amd64 libcaca0 amd64 0.99.beta20-4build2 [208 kB]
smoke	Install system deps (ffmpeg)	2025-11-10T18:35:41.2477333Z Get:74 http://azure.archive.ubuntu.com/ubuntu noble-updates/main amd64 libcdio19t64 amd64 2.1.0-4.1ubuntu1.2 [62.4 kB]
smoke	Install system deps (ffmpeg)	2025-11-10T18:35:41.2563884Z Get:75 http://azure.archive.ubuntu.com/ubuntu noble/main amd64 libcdio-cdda2t64 amd64 10.2+2.0.1-1.1build2 [16.5 kB]
smoke	Install system deps (ffmpeg)	2025-11-10T18:35:41.3118422Z Get:76 http://azure.archive.ubuntu.com/ubuntu noble/main amd64 libcdio-paranoia2t64 amd64 10.2+2.0.1-1.1build2 [16.6 kB]
smoke	Install system deps (ffmpeg)	2025-11-10T18:35:41.3200148Z Get:77 http://azure.archive.ubuntu.com/ubuntu noble/universe amd64 libdc1394-25 amd64 2.2.6-4build1 [90.1 kB]
smoke	Install system deps (ffmpeg)	2025-11-10T18:35:41.3288049Z Get:78 http://azure.archive.ubuntu.com/ubuntu noble/main amd64 libiec61883-0 amd64 1.2.0-6build1 [24.5 kB]
smoke	Install system deps (ffmpeg)	2025-11-10T18:35:41.3376451Z Get:79 http://azure.archive.ubuntu.com/ubuntu noble/main amd64 libjack-jackd2-0 amd64 1.9.21~dfsg-3ubuntu3 [289 kB]
smoke	Install system deps (ffmpeg)	2025-11-10T18:35:41.3482345Z Get:80 http://azure.archive.ubuntu.com/ubuntu noble/universe amd64 libopenal-data all 1:1.23.1-4build1 [161 kB]
smoke	Install system deps (ffmpeg)	2025-11-10T18:35:41.3581413Z Get:81 http://azure.archive.ubuntu.com/ubuntu noble/universe amd64 libsndio7.0 amd64 1.9.0-0.3build3 [29.6 kB]
smoke	Install system deps (ffmpeg)	2025-11-10T18:35:41.3671958Z Get:82 http://azure.archive.ubuntu.com/ubuntu noble/universe amd64 libopenal1 amd64 1:1.23.1-4build1 [540 kB]
smoke	Install system deps (ffmpeg)	2025-11-10T18:35:41.3805074Z Get:83 http://azure.archive.ubuntu.com/ubuntu noble/main amd64 libdecor-0-0 amd64 0.2.2-1build2 [16.5 kB]
smoke	Install system deps (ffmpeg)	2025-11-10T18:35:41.3888830Z Get:84 http://azure.archive.ubuntu.com/ubuntu noble-updates/main amd64 libsdl2-2.0-0 amd64 2.30.0+dfsg-1ubuntu3.1 [686 kB]
smoke	Install system deps (ffmpeg)	2025-11-10T18:35:41.4040461Z Get:85 http://azure.archive.ubuntu.com/ubuntu noble/main amd64 libxcb-shape0 amd64 1.15-1ubuntu2 [6100 B]
smoke	Install system deps (ffmpeg)	2025-11-10T18:35:41.4120172Z Get:86 http://azure.archive.ubuntu.com/ubuntu noble/main amd64 libxv1 amd64 2:1.0.11-1.1build1 [10.7 kB]
smoke	Install system deps (ffmpeg)	2025-11-10T18:35:41.4209945Z Get:87 http://azure.archive.ubuntu.com/ubuntu noble/universe amd64 libavdevice60 amd64 7:6.1.1-3ubuntu5 [82.3 kB]
smoke	Install system deps (ffmpeg)	2025-11-10T18:35:41.4335028Z Get:88 http://azure.archive.ubuntu.com/ubuntu noble/universe amd64 ffmpeg amd64 7:6.1.1-3ubuntu5 [1879 kB]
smoke	Install system deps (ffmpeg)	2025-11-10T18:35:41.4634142Z Get:89 http://azure.archive.ubuntu.com/ubuntu noble/universe amd64 libigdgmm12 amd64 22.3.17+ds1-1 [145 kB]
smoke	Install system deps (ffmpeg)	2025-11-10T18:35:41.4731691Z Get:90 http://azure.archive.ubuntu.com/ubuntu noble-updates/universe amd64 intel-media-va-driver amd64 24.1.0+dfsg1-1ubuntu0.1 [3163 kB]
smoke	Install system deps (ffmpeg)	2025-11-10T18:35:41.5160118Z Get:91 http://azure.archive.ubuntu.com/ubuntu noble/universe amd64 libaacs0 amd64 0.11.1-2build1 [62.9 kB]
smoke	Install system deps (ffmpeg)	2025-11-10T18:35:41.5247056Z Get:92 http://azure.archive.ubuntu.com/ubuntu noble/universe amd64 libbdplus0 amd64 0.2.0-3build1 [52.2 kB]
smoke	Install system deps (ffmpeg)	2025-11-10T18:35:41.5512338Z Get:93 http://azure.archive.ubuntu.com/ubuntu noble/main amd64 libdecor-0-plugin-1-gtk amd64 0.2.2-1build2 [22.2 kB]
smoke	Install system deps (ffmpeg)	2025-11-10T18:35:41.5595402Z Get:94 http://azure.archive.ubuntu.com/ubuntu noble/main amd64 librsvg2-common amd64 2.58.0+dfsg-1build1 [11.8 kB]
smoke	Install system deps (ffmpeg)	2025-11-10T18:35:41.6101670Z Get:95 http://azure.archive.ubuntu.com/ubuntu noble-updates/main amd64 libssh-4 amd64 0.10.6-2ubuntu0.2 [188 kB]
smoke	Install system deps (ffmpeg)	2025-11-10T18:35:41.6220561Z Get:96 http://azure.archive.ubuntu.com/ubuntu noble-updates/universe amd64 mesa-va-drivers amd64 25.0.7-0ubuntu0.24.04.2 [5934 B]
smoke	Install system deps (ffmpeg)	2025-11-10T18:35:41.6301798Z Get:97 http://azure.archive.ubuntu.com/ubuntu noble-updates/main amd64 mesa-vdpau-drivers amd64 25.0.7-0ubuntu0.24.04.2 [21.0 kB]
smoke	Install system deps (ffmpeg)	2025-11-10T18:35:41.6385317Z Get:98 http://azure.archive.ubuntu.com/ubuntu noble/universe amd64 i965-va-driver amd64 2.4.1+dfsg1-1build2 [332 kB]
smoke	Install system deps (ffmpeg)	2025-11-10T18:35:41.6515894Z Get:99 http://azure.archive.ubuntu.com/ubuntu noble/universe amd64 va-driver-all amd64 2.20.0-2build1 [4844 B]
smoke	Install system deps (ffmpeg)	2025-11-10T18:35:41.6595552Z Get:100 http://azure.archive.ubuntu.com/ubuntu noble/main amd64 vdpau-driver-all amd64 1.5-2build1 [4414 B]
smoke	Install system deps (ffmpeg)	2025-11-10T18:35:41.6677662Z Get:101 http://azure.archive.ubuntu.com/ubuntu noble/universe amd64 pocketsphinx-en-us all 0.8.0+real5prealpha+1-15ubuntu5 [27.4 MB]
smoke	Install system deps (ffmpeg)	2025-11-10T18:35:42.3472587Z Fetched 94.3 MB in 2s (40.9 MB/s)
smoke	Install system deps (ffmpeg)	2025-11-10T18:35:42.4132266Z Selecting previously unselected package libva2:amd64.
smoke	Install system deps (ffmpeg)	2025-11-10T18:35:42.4834401Z (Reading database ... 
smoke	Install system deps (ffmpeg)	2025-11-10T18:35:42.4835456Z (Reading database ... 5%
smoke	Install system deps (ffmpeg)	2025-11-10T18:35:42.4836893Z (Reading database ... 10%
smoke	Install system deps (ffmpeg)	2025-11-10T18:35:42.4837261Z (Reading database ... 15%
smoke	Install system deps (ffmpeg)	2025-11-10T18:35:42.4838537Z (Reading database ... 20%
smoke	Install system deps (ffmpeg)	2025-11-10T18:35:42.4838874Z (Reading database ... 25%
smoke	Install system deps (ffmpeg)	2025-11-10T18:35:42.4839201Z (Reading database ... 30%
smoke	Install system deps (ffmpeg)	2025-11-10T18:35:42.4839518Z (Reading database ... 35%
smoke	Install system deps (ffmpeg)	2025-11-10T18:35:42.4839846Z (Reading database ... 40%
smoke	Install system deps (ffmpeg)	2025-11-10T18:35:42.4840162Z (Reading database ... 45%
smoke	Install system deps (ffmpeg)	2025-11-10T18:35:42.4840489Z (Reading database ... 50%
smoke	Install system deps (ffmpeg)	2025-11-10T18:35:42.5613909Z (Reading database ... 55%
smoke	Install system deps (ffmpeg)	2025-11-10T18:35:42.9287508Z (Reading database ... 60%
smoke	Install system deps (ffmpeg)	2025-11-10T18:35:43.1077982Z (Reading database ... 65%
smoke	Install system deps (ffmpeg)	2025-11-10T18:35:43.2080702Z (Reading database ... 70%
smoke	Install system deps (ffmpeg)	2025-11-10T18:35:43.3216977Z (Reading database ... 75%
smoke	Install system deps (ffmpeg)	2025-11-10T18:35:43.7684403Z (Reading database ... 80%
smoke	Install system deps (ffmpeg)	2025-11-10T18:35:44.4693081Z (Reading database ... 85%
smoke	Install system deps (ffmpeg)	2025-11-10T18:35:45.1435925Z (Reading database ... 90%
smoke	Install system deps (ffmpeg)	2025-11-10T18:35:45.7669881Z (Reading database ... 95%
smoke	Install system deps (ffmpeg)	2025-11-10T18:35:45.7670746Z (Reading database ... 100%
smoke	Install system deps (ffmpeg)	2025-11-10T18:35:45.7671907Z (Reading database ... 215802 files and directories currently installed.)
smoke	Install system deps (ffmpeg)	2025-11-10T18:35:45.7716069Z Preparing to unpack .../00-libva2_2.20.0-2build1_amd64.deb ...
smoke	Install system deps (ffmpeg)	2025-11-10T18:35:45.7769887Z Unpacking libva2:amd64 (2.20.0-2build1) ...
smoke	Install system deps (ffmpeg)	2025-11-10T18:35:45.8047508Z Selecting previously unselected package libva-drm2:amd64.
smoke	Install system deps (ffmpeg)	2025-11-10T18:35:45.8182487Z Preparing to unpack .../01-libva-drm2_2.20.0-2build1_amd64.deb ...
smoke	Install system deps (ffmpeg)	2025-11-10T18:35:45.8263476Z Unpacking libva-drm2:amd64 (2.20.0-2build1) ...
smoke	Install system deps (ffmpeg)	2025-11-10T18:35:45.8572272Z Selecting previously unselected package libva-x11-2:amd64.
smoke	Install system deps (ffmpeg)	2025-11-10T18:35:45.8714271Z Preparing to unpack .../02-libva-x11-2_2.20.0-2build1_amd64.deb ...
smoke	Install system deps (ffmpeg)	2025-11-10T18:35:45.8742239Z Unpacking libva-x11-2:amd64 (2.20.0-2build1) ...
smoke	Install system deps (ffmpeg)	2025-11-10T18:35:45.8996753Z Selecting previously unselected package libvdpau1:amd64.
smoke	Install system deps (ffmpeg)	2025-11-10T18:35:45.9129757Z Preparing to unpack .../03-libvdpau1_1.5-2build1_amd64.deb ...
smoke	Install system deps (ffmpeg)	2025-11-10T18:35:45.9143883Z Unpacking libvdpau1:amd64 (1.5-2build1) ...
smoke	Install system deps (ffmpeg)	2025-11-10T18:35:45.9407314Z Selecting previously unselected package libvpl2.
smoke	Install system deps (ffmpeg)	2025-11-10T18:35:45.9538951Z Preparing to unpack .../04-libvpl2_2023.3.0-1build1_amd64.deb ...
smoke	Install system deps (ffmpeg)	2025-11-10T18:35:45.9554679Z Unpacking libvpl2 (2023.3.0-1build1) ...
smoke	Install system deps (ffmpeg)	2025-11-10T18:35:45.9809477Z Selecting previously unselected package ocl-icd-libopencl1:amd64.
smoke	Install system deps (ffmpeg)	2025-11-10T18:35:45.9943145Z Preparing to unpack .../05-ocl-icd-libopencl1_2.3.2-1build1_amd64.deb ...
smoke	Install system deps (ffmpeg)	2025-11-10T18:35:45.9960598Z Unpacking ocl-icd-libopencl1:amd64 (2.3.2-1build1) ...
smoke	Install system deps (ffmpeg)	2025-11-10T18:35:46.0326364Z Selecting previously unselected package libavutil58:amd64.
smoke	Install system deps (ffmpeg)	2025-11-10T18:35:46.0460682Z Preparing to unpack .../06-libavutil58_7%3a6.1.1-3ubuntu5_amd64.deb ...
smoke	Install system deps (ffmpeg)	2025-11-10T18:35:46.0481947Z Unpacking libavutil58:amd64 (7:6.1.1-3ubuntu5) ...
smoke	Install system deps (ffmpeg)	2025-11-10T18:35:46.0783721Z Selecting previously unselected package libcodec2-1.2:amd64.
smoke	Install system deps (ffmpeg)	2025-11-10T18:35:46.0916871Z Preparing to unpack .../07-libcodec2-1.2_1.2.0-2build1_amd64.deb ...
smoke	Install system deps (ffmpeg)	2025-11-10T18:35:46.0928443Z Unpacking libcodec2-1.2:amd64 (1.2.0-2build1) ...
smoke	Install system deps (ffmpeg)	2025-11-10T18:35:46.1792346Z Selecting previously unselected package libdav1d7:amd64.
smoke	Install system deps (ffmpeg)	2025-11-10T18:35:46.1925466Z Preparing to unpack .../08-libdav1d7_1.4.1-1build1_amd64.deb ...
smoke	Install system deps (ffmpeg)	2025-11-10T18:35:46.1939836Z Unpacking libdav1d7:amd64 (1.4.1-1build1) ...
smoke	Install system deps (ffmpeg)	2025-11-10T18:35:46.2269038Z Selecting previously unselected package libgsm1:amd64.
smoke	Install system deps (ffmpeg)	2025-11-10T18:35:46.2404674Z Preparing to unpack .../09-libgsm1_1.0.22-1build1_amd64.deb ...
smoke	Install system deps (ffmpeg)	2025-11-10T18:35:46.2416766Z Unpacking libgsm1:amd64 (1.0.22-1build1) ...
smoke	Install system deps (ffmpeg)	2025-11-10T18:35:46.2677664Z Selecting previously unselected package libhwy1t64:amd64.
smoke	Install system deps (ffmpeg)	2025-11-10T18:35:46.2810815Z Preparing to unpack .../10-libhwy1t64_1.0.7-8.1build1_amd64.deb ...
smoke	Install system deps (ffmpeg)	2025-11-10T18:35:46.2822612Z Unpacking libhwy1t64:amd64 (1.0.7-8.1build1) ...
smoke	Install system deps (ffmpeg)	2025-11-10T18:35:46.3347317Z Selecting previously unselected package libjxl0.7:amd64.
smoke	Install system deps (ffmpeg)	2025-11-10T18:35:46.3555932Z Preparing to unpack .../11-libjxl0.7_0.7.0-10.2ubuntu6.1_amd64.deb ...
smoke	Install system deps (ffmpeg)	2025-11-10T18:35:46.3683758Z Unpacking libjxl0.7:amd64 (0.7.0-10.2ubuntu6.1) ...
smoke	Install system deps (ffmpeg)	2025-11-10T18:35:47.4341500Z Selecting previously unselected package libmp3lame0:amd64.
smoke	Install system deps (ffmpeg)	2025-11-10T18:35:47.4475403Z Preparing to unpack .../12-libmp3lame0_3.100-6build1_amd64.deb ...
smoke	Install system deps (ffmpeg)	2025-11-10T18:35:47.4488146Z Unpacking libmp3lame0:amd64 (3.100-6build1) ...
smoke	Install system deps (ffmpeg)	2025-11-10T18:35:47.4758312Z Selecting previously unselected package libopus0:amd64.
smoke	Install system deps (ffmpeg)	2025-11-10T18:35:47.4893408Z Preparing to unpack .../13-libopus0_1.4-1build1_amd64.deb ...
smoke	Install system deps (ffmpeg)	2025-11-10T18:35:47.4904151Z Unpacking libopus0:amd64 (1.4-1build1) ...
smoke	Install system deps (ffmpeg)	2025-11-10T18:35:47.5171408Z Selecting previously unselected package librav1e0:amd64.
smoke	Install system deps (ffmpeg)	2025-11-10T18:35:47.5306985Z Preparing to unpack .../14-librav1e0_0.7.1-2_amd64.deb ...
smoke	Install system deps (ffmpeg)	2025-11-10T18:35:47.5326540Z Unpacking librav1e0:amd64 (0.7.1-2) ...
smoke	Install system deps (ffmpeg)	2025-11-10T18:35:47.5718253Z Selecting previously unselected package librsvg2-2:amd64.
smoke	Install system deps (ffmpeg)	2025-11-10T18:35:47.5852163Z Preparing to unpack .../15-librsvg2-2_2.58.0+dfsg-1build1_amd64.deb ...
smoke	Install system deps (ffmpeg)	2025-11-10T18:35:47.5864560Z Unpacking librsvg2-2:amd64 (2.58.0+dfsg-1build1) ...
smoke	Install system deps (ffmpeg)	2025-11-10T18:35:47.6408658Z Selecting previously unselected package libshine3:amd64.
smoke	Install system deps (ffmpeg)	2025-11-10T18:35:47.6542796Z Preparing to unpack .../16-libshine3_3.1.1-2build1_amd64.deb ...
smoke	Install system deps (ffmpeg)	2025-11-10T18:35:47.6557759Z Unpacking libshine3:amd64 (3.1.1-2build1) ...
smoke	Install system deps (ffmpeg)	2025-11-10T18:35:47.6795791Z Selecting previously unselected package libspeex1:amd64.
smoke	Install system deps (ffmpeg)	2025-11-10T18:35:47.6930445Z Preparing to unpack .../17-libspeex1_1.2.1-2ubuntu2.24.04.1_amd64.deb ...
smoke	Install system deps (ffmpeg)	2025-11-10T18:35:47.6939782Z Unpacking libspeex1:amd64 (1.2.1-2ubuntu2.24.04.1) ...
smoke	Install system deps (ffmpeg)	2025-11-10T18:35:47.7341946Z Selecting previously unselected package libsvtav1enc1d1:amd64.
smoke	Install system deps (ffmpeg)	2025-11-10T18:35:47.7475948Z Preparing to unpack .../18-libsvtav1enc1d1_1.7.0+dfsg-2build1_amd64.deb ...
smoke	Install system deps (ffmpeg)	2025-11-10T18:35:47.7502112Z Unpacking libsvtav1enc1d1:amd64 (1.7.0+dfsg-2build1) ...
smoke	Install system deps (ffmpeg)	2025-11-10T18:35:47.8068089Z Selecting previously unselected package libsoxr0:amd64.
smoke	Install system deps (ffmpeg)	2025-11-10T18:35:47.8202072Z Preparing to unpack .../19-libsoxr0_0.1.3-4build3_amd64.deb ...
smoke	Install system deps (ffmpeg)	2025-11-10T18:35:47.8218321Z Unpacking libsoxr0:amd64 (0.1.3-4build3) ...
smoke	Install system deps (ffmpeg)	2025-11-10T18:35:47.8487807Z Selecting previously unselected package libswresample4:amd64.
smoke	Install system deps (ffmpeg)	2025-11-10T18:35:47.8623485Z Preparing to unpack .../20-libswresample4_7%3a6.1.1-3ubuntu5_amd64.deb ...
smoke	Install system deps (ffmpeg)	2025-11-10T18:35:47.8635709Z Unpacking libswresample4:amd64 (7:6.1.1-3ubuntu5) ...
smoke	Install system deps (ffmpeg)	2025-11-10T18:35:47.8885386Z Selecting previously unselected package libtheora0:amd64.
smoke	Install system deps (ffmpeg)	2025-11-10T18:35:47.9019615Z Preparing to unpack .../21-libtheora0_1.1.1+dfsg.1-16.1build3_amd64.deb ...
smoke	Install system deps (ffmpeg)	2025-11-10T18:35:47.9031652Z Unpacking libtheora0:amd64 (1.1.1+dfsg.1-16.1build3) ...
smoke	Install system deps (ffmpeg)	2025-11-10T18:35:47.9368265Z Selecting previously unselected package libtwolame0:amd64.
smoke	Install system deps (ffmpeg)	2025-11-10T18:35:47.9502922Z Preparing to unpack .../22-libtwolame0_0.4.0-2build3_amd64.deb ...
smoke	Install system deps (ffmpeg)	2025-11-10T18:35:47.9515559Z Unpacking libtwolame0:amd64 (0.4.0-2build3) ...
smoke	Install system deps (ffmpeg)	2025-11-10T18:35:47.9773439Z Selecting previously unselected package libvorbisenc2:amd64.
smoke	Install system deps (ffmpeg)	2025-11-10T18:35:47.9908352Z Preparing to unpack .../23-libvorbisenc2_1.3.7-1build3_amd64.deb ...
smoke	Install system deps (ffmpeg)	2025-11-10T18:35:47.9920711Z Unpacking libvorbisenc2:amd64 (1.3.7-1build3) ...
smoke	Install system deps (ffmpeg)	2025-11-10T18:35:48.0192699Z Selecting previously unselected package libvpx9:amd64.
smoke	Install system deps (ffmpeg)	2025-11-10T18:35:48.0325373Z Preparing to unpack .../24-libvpx9_1.14.0-1ubuntu2.2_amd64.deb ...
smoke	Install system deps (ffmpeg)	2025-11-10T18:35:48.0338375Z Unpacking libvpx9:amd64 (1.14.0-1ubuntu2.2) ...
smoke	Install system deps (ffmpeg)	2025-11-10T18:35:48.0733092Z Selecting previously unselected package libx264-164:amd64.
smoke	Install system deps (ffmpeg)	2025-11-10T18:35:48.0868279Z Preparing to unpack .../25-libx264-164_2%3a0.164.3108+git31e19f9-1_amd64.deb ...
smoke	Install system deps (ffmpeg)	2025-11-10T18:35:48.0883986Z Unpacking libx264-164:amd64 (2:0.164.3108+git31e19f9-1) ...
smoke	Install system deps (ffmpeg)	2025-11-10T18:35:48.1208365Z Selecting previously unselected package libx265-199:amd64.
smoke	Install system deps (ffmpeg)	2025-11-10T18:35:48.1343716Z Preparing to unpack .../26-libx265-199_3.5-2build1_amd64.deb ...
smoke	Install system deps (ffmpeg)	2025-11-10T18:35:48.1354172Z Unpacking libx265-199:amd64 (3.5-2build1) ...
smoke	Install system deps (ffmpeg)	2025-11-10T18:35:48.2120069Z Selecting previously unselected package libxvidcore4:amd64.
smoke	Install system deps (ffmpeg)	2025-11-10T18:35:48.2253098Z Preparing to unpack .../27-libxvidcore4_2%3a1.3.7-1build1_amd64.deb ...
smoke	Install system deps (ffmpeg)	2025-11-10T18:35:48.2264450Z Unpacking libxvidcore4:amd64 (2:1.3.7-1build1) ...
smoke	Install system deps (ffmpeg)	2025-11-10T18:35:48.2521203Z Selecting previously unselected package libzvbi-common.
smoke	Install system deps (ffmpeg)	2025-11-10T18:35:48.2656144Z Preparing to unpack .../28-libzvbi-common_0.2.42-2_all.deb ...
smoke	Install system deps (ffmpeg)	2025-11-10T18:35:48.2667394Z Unpacking libzvbi-common (0.2.42-2) ...
smoke	Install system deps (ffmpeg)	2025-11-10T18:35:48.3443189Z Selecting previously unselected package libzvbi0t64:amd64.
smoke	Install system deps (ffmpeg)	2025-11-10T18:35:48.3579569Z Preparing to unpack .../29-libzvbi0t64_0.2.42-2_amd64.deb ...
smoke	Install system deps (ffmpeg)	2025-11-10T18:35:48.3591612Z Unpacking libzvbi0t64:amd64 (0.2.42-2) ...
smoke	Install system deps (ffmpeg)	2025-11-10T18:35:48.6727177Z Selecting previously unselected package libavcodec60:amd64.
smoke	Install system deps (ffmpeg)	2025-11-10T18:35:48.6872767Z Preparing to unpack .../30-libavcodec60_7%3a6.1.1-3ubuntu5_amd64.deb ...
smoke	Install system deps (ffmpeg)	2025-11-10T18:35:48.6885950Z Unpacking libavcodec60:amd64 (7:6.1.1-3ubuntu5) ...
smoke	Install system deps (ffmpeg)	2025-11-10T18:35:48.7851303Z Selecting previously unselected package libraw1394-11:amd64.
smoke	Install system deps (ffmpeg)	2025-11-10T18:35:48.7987395Z Preparing to unpack .../31-libraw1394-11_2.1.2-2build3_amd64.deb ...
smoke	Install system deps (ffmpeg)	2025-11-10T18:35:48.7997755Z Unpacking libraw1394-11:amd64 (2.1.2-2build3) ...
smoke	Install system deps (ffmpeg)	2025-11-10T18:35:48.8235939Z Selecting previously unselected package libavc1394-0:amd64.
smoke	Install system deps (ffmpeg)	2025-11-10T18:35:48.8372323Z Preparing to unpack .../32-libavc1394-0_0.5.4-5build3_amd64.deb ...
smoke	Install system deps (ffmpeg)	2025-11-10T18:35:48.8385739Z Unpacking libavc1394-0:amd64 (0.5.4-5build3) ...
smoke	Install system deps (ffmpeg)	2025-11-10T18:35:48.8625267Z Selecting previously unselected package libunibreak5:amd64.
smoke	Install system deps (ffmpeg)	2025-11-10T18:35:48.8763771Z Preparing to unpack .../33-libunibreak5_5.1-2build1_amd64.deb ...
smoke	Install system deps (ffmpeg)	2025-11-10T18:35:48.8776362Z Unpacking libunibreak5:amd64 (5.1-2build1) ...
smoke	Install system deps (ffmpeg)	2025-11-10T18:35:48.9018009Z Selecting previously unselected package libass9:amd64.
smoke	Install system deps (ffmpeg)	2025-11-10T18:35:48.9153402Z Preparing to unpack .../34-libass9_1%3a0.17.1-2build1_amd64.deb ...
smoke	Install system deps (ffmpeg)	2025-11-10T18:35:48.9163548Z Unpacking libass9:amd64 (1:0.17.1-2build1) ...
smoke	Install system deps (ffmpeg)	2025-11-10T18:35:48.9419362Z Selecting previously unselected package libudfread0:amd64.
smoke	Install system deps (ffmpeg)	2025-11-10T18:35:48.9553486Z Preparing to unpack .../35-libudfread0_1.1.2-1build1_amd64.deb ...
smoke	Install system deps (ffmpeg)	2025-11-10T18:35:48.9566643Z Unpacking libudfread0:amd64 (1.1.2-1build1) ...
smoke	Install system deps (ffmpeg)	2025-11-10T18:35:48.9796042Z Selecting previously unselected package libbluray2:amd64.
smoke	Install system deps (ffmpeg)	2025-11-10T18:35:48.9930491Z Preparing to unpack .../36-libbluray2_1%3a1.3.4-1build1_amd64.deb ...
smoke	Install system deps (ffmpeg)	2025-11-10T18:35:48.9942571Z Unpacking libbluray2:amd64 (1:1.3.4-1build1) ...
smoke	Install system deps (ffmpeg)	2025-11-10T18:35:49.0200295Z Selecting previously unselected package libchromaprint1:amd64.
smoke	Install system deps (ffmpeg)	2025-11-10T18:35:49.0335854Z Preparing to unpack .../37-libchromaprint1_1.5.1-5_amd64.deb ...
smoke	Install system deps (ffmpeg)	2025-11-10T18:35:49.0349325Z Unpacking libchromaprint1:amd64 (1.5.1-5) ...
smoke	Install system deps (ffmpeg)	2025-11-10T18:35:49.0590553Z Selecting previously unselected package libgme0:amd64.
smoke	Install system deps (ffmpeg)	2025-11-10T18:35:49.0727628Z Preparing to unpack .../38-libgme0_0.6.3-7build1_amd64.deb ...
smoke	Install system deps (ffmpeg)	2025-11-10T18:35:49.0739156Z Unpacking libgme0:amd64 (0.6.3-7build1) ...
smoke	Install system deps (ffmpeg)	2025-11-10T18:35:49.1017123Z Selecting previously unselected package libmpg123-0t64:amd64.
smoke	Install system deps (ffmpeg)	2025-11-10T18:35:49.1154246Z Preparing to unpack .../39-libmpg123-0t64_1.32.5-1ubuntu1.1_amd64.deb ...
smoke	Install system deps (ffmpeg)	2025-11-10T18:35:49.1164725Z Unpacking libmpg123-0t64:amd64 (1.32.5-1ubuntu1.1) ...
smoke	Install system deps (ffmpeg)	2025-11-10T18:35:49.1480155Z Selecting previously unselected package libopenmpt0t64:amd64.
smoke	Install system deps (ffmpeg)	2025-11-10T18:35:49.1617079Z Preparing to unpack .../40-libopenmpt0t64_0.7.3-1.1build3_amd64.deb ...
smoke	Install system deps (ffmpeg)	2025-11-10T18:35:49.1627130Z Unpacking libopenmpt0t64:amd64 (0.7.3-1.1build3) ...
smoke	Install system deps (ffmpeg)	2025-11-10T18:35:49.1969301Z Selecting previously unselected package libcjson1:amd64.
smoke	Install system deps (ffmpeg)	2025-11-10T18:35:49.2100433Z Preparing to unpack .../41-libcjson1_1.7.17-1_amd64.deb ...
smoke	Install system deps (ffmpeg)	2025-11-10T18:35:49.2120913Z Unpacking libcjson1:amd64 (1.7.17-1) ...
smoke	Install system deps (ffmpeg)	2025-11-10T18:35:49.2368811Z Selecting previously unselected package libmbedcrypto7t64:amd64.
smoke	Install system deps (ffmpeg)	2025-11-10T18:35:49.2504237Z Preparing to unpack .../42-libmbedcrypto7t64_2.28.8-1_amd64.deb ...
smoke	Install system deps (ffmpeg)	2025-11-10T18:35:49.2515068Z Unpacking libmbedcrypto7t64:amd64 (2.28.8-1) ...
smoke	Install system deps (ffmpeg)	2025-11-10T18:35:49.2776039Z Selecting previously unselected package librist4:amd64.
smoke	Install system deps (ffmpeg)	2025-11-10T18:35:49.2910667Z Preparing to unpack .../43-librist4_0.2.10+dfsg-2_amd64.deb ...
smoke	Install system deps (ffmpeg)	2025-11-10T18:35:49.2922679Z Unpacking librist4:amd64 (0.2.10+dfsg-2) ...
smoke	Install system deps (ffmpeg)	2025-11-10T18:35:49.3159719Z Selecting previously unselected package libsrt1.5-gnutls:amd64.
smoke	Install system deps (ffmpeg)	2025-11-10T18:35:49.3295521Z Preparing to unpack .../44-libsrt1.5-gnutls_1.5.3-1build2_amd64.deb ...
smoke	Install system deps (ffmpeg)	2025-11-10T18:35:49.3305878Z Unpacking libsrt1.5-gnutls:amd64 (1.5.3-1build2) ...
smoke	Install system deps (ffmpeg)	2025-11-10T18:35:49.3588047Z Selecting previously unselected package libssh-gcrypt-4:amd64.
smoke	Install system deps (ffmpeg)	2025-11-10T18:35:49.3723150Z Preparing to unpack .../45-libssh-gcrypt-4_0.10.6-2ubuntu0.2_amd64.deb ...
smoke	Install system deps (ffmpeg)	2025-11-10T18:35:49.3734337Z Unpacking libssh-gcrypt-4:amd64 (0.10.6-2ubuntu0.2) ...
smoke	Install system deps (ffmpeg)	2025-11-10T18:35:49.4001616Z Selecting previously unselected package libavformat60:amd64.
smoke	Install system deps (ffmpeg)	2025-11-10T18:35:49.4138713Z Preparing to unpack .../46-libavformat60_7%3a6.1.1-3ubuntu5_amd64.deb ...
smoke	Install system deps (ffmpeg)	2025-11-10T18:35:49.4148695Z Unpacking libavformat60:amd64 (7:6.1.1-3ubuntu5) ...
smoke	Install system deps (ffmpeg)	2025-11-10T18:35:49.4531786Z Selecting previously unselected package libbs2b0:amd64.
smoke	Install system deps (ffmpeg)	2025-11-10T18:35:49.4667363Z Preparing to unpack .../47-libbs2b0_3.1.0+dfsg-7build1_amd64.deb ...
smoke	Install system deps (ffmpeg)	2025-11-10T18:35:49.4679162Z Unpacking libbs2b0:amd64 (3.1.0+dfsg-7build1) ...
smoke	Install system deps (ffmpeg)	2025-11-10T18:35:49.4954976Z Selecting previously unselected package libflite1:amd64.
smoke	Install system deps (ffmpeg)	2025-11-10T18:35:49.5089929Z Preparing to unpack .../48-libflite1_2.2-6build3_amd64.deb ...
smoke	Install system deps (ffmpeg)	2025-11-10T18:35:49.5104344Z Unpacking libflite1:amd64 (2.2-6build3) ...
smoke	Install system deps (ffmpeg)	2025-11-10T18:35:49.6368329Z Selecting previously unselected package libserd-0-0:amd64.
smoke	Install system deps (ffmpeg)	2025-11-10T18:35:49.6500401Z Preparing to unpack .../49-libserd-0-0_0.32.2-1_amd64.deb ...
smoke	Install system deps (ffmpeg)	2025-11-10T18:35:49.6511540Z Unpacking libserd-0-0:amd64 (0.32.2-1) ...
smoke	Install system deps (ffmpeg)	2025-11-10T18:35:49.6748479Z Selecting previously unselected package libzix-0-0:amd64.
smoke	Install system deps (ffmpeg)	2025-11-10T18:35:49.6879507Z Preparing to unpack .../50-libzix-0-0_0.4.2-2build1_amd64.deb ...
smoke	Install system deps (ffmpeg)	2025-11-10T18:35:49.6889729Z Unpacking libzix-0-0:amd64 (0.4.2-2build1) ...
smoke	Install system deps (ffmpeg)	2025-11-10T18:35:49.7117794Z Selecting previously unselected package libsord-0-0:amd64.
smoke	Install system deps (ffmpeg)	2025-11-10T18:35:49.7247528Z Preparing to unpack .../51-libsord-0-0_0.16.16-2build1_amd64.deb ...
smoke	Install system deps (ffmpeg)	2025-11-10T18:35:49.7257671Z Unpacking libsord-0-0:amd64 (0.16.16-2build1) ...
smoke	Install system deps (ffmpeg)	2025-11-10T18:35:49.7480629Z Selecting previously unselected package libsratom-0-0:amd64.
smoke	Install system deps (ffmpeg)	2025-11-10T18:35:49.7611793Z Preparing to unpack .../52-libsratom-0-0_0.6.16-1build1_amd64.deb ...
smoke	Install system deps (ffmpeg)	2025-11-10T18:35:49.7622624Z Unpacking libsratom-0-0:amd64 (0.6.16-1build1) ...
smoke	Install system deps (ffmpeg)	2025-11-10T18:35:49.7867464Z Selecting previously unselected package liblilv-0-0:amd64.
smoke	Install system deps (ffmpeg)	2025-11-10T18:35:49.7998844Z Preparing to unpack .../53-liblilv-0-0_0.24.22-1build1_amd64.deb ...
smoke	Install system deps (ffmpeg)	2025-11-10T18:35:49.8008707Z Unpacking liblilv-0-0:amd64 (0.24.22-1build1) ...
smoke	Install system deps (ffmpeg)	2025-11-10T18:35:49.8238708Z Selecting previously unselected package libmysofa1:amd64.
smoke	Install system deps (ffmpeg)	2025-11-10T18:35:49.8371986Z Preparing to unpack .../54-libmysofa1_1.3.2+dfsg-2ubuntu2_amd64.deb ...
smoke	Install system deps (ffmpeg)	2025-11-10T18:35:49.8383087Z Unpacking libmysofa1:amd64 (1.3.2+dfsg-2ubuntu2) ...
smoke	Install system deps (ffmpeg)	2025-11-10T18:35:49.8668772Z Selecting previously unselected package libplacebo338:amd64.
smoke	Install system deps (ffmpeg)	2025-11-10T18:35:49.8802211Z Preparing to unpack .../55-libplacebo338_6.338.2-2build1_amd64.deb ...
smoke	Install system deps (ffmpeg)	2025-11-10T18:35:49.8812917Z Unpacking libplacebo338:amd64 (6.338.2-2build1) ...
smoke	Install system deps (ffmpeg)	2025-11-10T18:35:49.9431741Z Selecting previously unselected package libblas3:amd64.
smoke	Install system deps (ffmpeg)	2025-11-10T18:35:49.9568183Z Preparing to unpack .../56-libblas3_3.12.0-3build1.1_amd64.deb ...
smoke	Install system deps (ffmpeg)	2025-11-10T18:35:49.9602614Z Unpacking libblas3:amd64 (3.12.0-3build1.1) ...
smoke	Install system deps (ffmpeg)	2025-11-10T18:35:49.9964043Z Selecting previously unselected package liblapack3:amd64.
smoke	Install system deps (ffmpeg)	2025-11-10T18:35:50.0099612Z Preparing to unpack .../57-liblapack3_3.12.0-3build1.1_amd64.deb ...
smoke	Install system deps (ffmpeg)	2025-11-10T18:35:50.0135610Z Unpacking liblapack3:amd64 (3.12.0-3build1.1) ...
smoke	Install system deps (ffmpeg)	2025-11-10T18:35:50.0691077Z Selecting previously unselected package libasyncns0:amd64.
smoke	Install system deps (ffmpeg)	2025-11-10T18:35:50.0824832Z Preparing to unpack .../58-libasyncns0_0.8-6build4_amd64.deb ...
smoke	Install system deps (ffmpeg)	2025-11-10T18:35:50.0838509Z Unpacking libasyncns0:amd64 (0.8-6build4) ...
smoke	Install system deps (ffmpeg)	2025-11-10T18:35:50.1077792Z Selecting previously unselected package libflac12t64:amd64.
smoke	Install system deps (ffmpeg)	2025-11-10T18:35:50.1214286Z Preparing to unpack .../59-libflac12t64_1.4.3+ds-2.1ubuntu2_amd64.deb ...
smoke	Install system deps (ffmpeg)	2025-11-10T18:35:50.1224735Z Unpacking libflac12t64:amd64 (1.4.3+ds-2.1ubuntu2) ...
smoke	Install system deps (ffmpeg)	2025-11-10T18:35:50.1479201Z Selecting previously unselected package libsndfile1:amd64.
smoke	Install system deps (ffmpeg)	2025-11-10T18:35:50.1614633Z Preparing to unpack .../60-libsndfile1_1.2.2-1ubuntu5.24.04.1_amd64.deb ...
smoke	Install system deps (ffmpeg)	2025-11-10T18:35:50.1625209Z Unpacking libsndfile1:amd64 (1.2.2-1ubuntu5.24.04.1) ...
smoke	Install system deps (ffmpeg)	2025-11-10T18:35:50.1901111Z Selecting previously unselected package libpulse0:amd64.
smoke	Install system deps (ffmpeg)	2025-11-10T18:35:50.2038082Z Preparing to unpack .../61-libpulse0_1%3a16.1+dfsg1-2ubuntu10.1_amd64.deb ...
smoke	Install system deps (ffmpeg)	2025-11-10T18:35:50.2157805Z Unpacking libpulse0:amd64 (1:16.1+dfsg1-2ubuntu10.1) ...
smoke	Install system deps (ffmpeg)	2025-11-10T18:35:50.2456929Z Selecting previously unselected package libsphinxbase3t64:amd64.
smoke	Install system deps (ffmpeg)	2025-11-10T18:35:50.2594012Z Preparing to unpack .../62-libsphinxbase3t64_0.8+5prealpha+1-17build2_amd64.deb ...
smoke	Install system deps (ffmpeg)	2025-11-10T18:35:50.2603677Z Unpacking libsphinxbase3t64:amd64 (0.8+5prealpha+1-17build2) ...
smoke	Install system deps (ffmpeg)	2025-11-10T18:35:50.2862515Z Selecting previously unselected package libpocketsphinx3:amd64.
smoke	Install system deps (ffmpeg)	2025-11-10T18:35:50.3001915Z Preparing to unpack .../63-libpocketsphinx3_0.8.0+real5prealpha+1-15ubuntu5_amd64.deb ...
smoke	Install system deps (ffmpeg)	2025-11-10T18:35:50.3009876Z Unpacking libpocketsphinx3:amd64 (0.8.0+real5prealpha+1-15ubuntu5) ...
smoke	Install system deps (ffmpeg)	2025-11-10T18:35:50.3264577Z Selecting previously unselected package libpostproc57:amd64.
smoke	Install system deps (ffmpeg)	2025-11-10T18:35:50.3401734Z Preparing to unpack .../64-libpostproc57_7%3a6.1.1-3ubuntu5_amd64.deb ...
smoke	Install system deps (ffmpeg)	2025-11-10T18:35:50.3411948Z Unpacking libpostproc57:amd64 (7:6.1.1-3ubuntu5) ...
smoke	Install system deps (ffmpeg)	2025-11-10T18:35:50.3649538Z Selecting previously unselected package libsamplerate0:amd64.
smoke	Install system deps (ffmpeg)	2025-11-10T18:35:50.3783529Z Preparing to unpack .../65-libsamplerate0_0.2.2-4build1_amd64.deb ...
smoke	Install system deps (ffmpeg)	2025-11-10T18:35:50.3792523Z Unpacking libsamplerate0:amd64 (0.2.2-4build1) ...
smoke	Install system deps (ffmpeg)	2025-11-10T18:35:50.4082015Z Selecting previously unselected package librubberband2:amd64.
smoke	Install system deps (ffmpeg)	2025-11-10T18:35:50.4219514Z Preparing to unpack .../66-librubberband2_3.3.0+dfsg-2build1_amd64.deb ...
smoke	Install system deps (ffmpeg)	2025-11-10T18:35:50.4228539Z Unpacking librubberband2:amd64 (3.3.0+dfsg-2build1) ...
smoke	Install system deps (ffmpeg)	2025-11-10T18:35:50.4490381Z Selecting previously unselected package libswscale7:amd64.
smoke	Install system deps (ffmpeg)	2025-11-10T18:35:50.4629436Z Preparing to unpack .../67-libswscale7_7%3a6.1.1-3ubuntu5_amd64.deb ...
smoke	Install system deps (ffmpeg)	2025-11-10T18:35:50.4677054Z Unpacking libswscale7:amd64 (7:6.1.1-3ubuntu5) ...
smoke	Install system deps (ffmpeg)	2025-11-10T18:35:50.4944999Z Selecting previously unselected package libvidstab1.1:amd64.
smoke	Install system deps (ffmpeg)	2025-11-10T18:35:50.5083614Z Preparing to unpack .../68-libvidstab1.1_1.1.0-2build1_amd64.deb ...
smoke	Install system deps (ffmpeg)	2025-11-10T18:35:50.5094957Z Unpacking libvidstab1.1:amd64 (1.1.0-2build1) ...
smoke	Install system deps (ffmpeg)	2025-11-10T18:35:50.5322454Z Selecting previously unselected package libzimg2:amd64.
smoke	Install system deps (ffmpeg)	2025-11-10T18:35:50.5461571Z Preparing to unpack .../69-libzimg2_3.0.5+ds1-1build1_amd64.deb ...
smoke	Install system deps (ffmpeg)	2025-11-10T18:35:50.5468561Z Unpacking libzimg2:amd64 (3.0.5+ds1-1build1) ...
smoke	Install system deps (ffmpeg)	2025-11-10T18:35:50.5735002Z Selecting previously unselected package libavfilter9:amd64.
smoke	Install system deps (ffmpeg)	2025-11-10T18:35:50.5871656Z Preparing to unpack .../70-libavfilter9_7%3a6.1.1-3ubuntu5_amd64.deb ...
smoke	Install system deps (ffmpeg)	2025-11-10T18:35:50.5881119Z Unpacking libavfilter9:amd64 (7:6.1.1-3ubuntu5) ...
smoke	Install system deps (ffmpeg)	2025-11-10T18:35:50.6673997Z Selecting previously unselected package libcaca0:amd64.
smoke	Install system deps (ffmpeg)	2025-11-10T18:35:50.6808771Z Preparing to unpack .../71-libcaca0_0.99.beta20-4build2_amd64.deb ...
smoke	Install system deps (ffmpeg)	2025-11-10T18:35:50.6818478Z Unpacking libcaca0:amd64 (0.99.beta20-4build2) ...
smoke	Install system deps (ffmpeg)	2025-11-10T18:35:50.7090996Z Selecting previously unselected package libcdio19t64:amd64.
smoke	Install system deps (ffmpeg)	2025-11-10T18:35:50.7228700Z Preparing to unpack .../72-libcdio19t64_2.1.0-4.1ubuntu1.2_amd64.deb ...
smoke	Install system deps (ffmpeg)	2025-11-10T18:35:50.7244455Z Unpacking libcdio19t64:amd64 (2.1.0-4.1ubuntu1.2) ...
smoke	Install system deps (ffmpeg)	2025-11-10T18:35:50.7502788Z Selecting previously unselected package libcdio-cdda2t64:amd64.
smoke	Install system deps (ffmpeg)	2025-11-10T18:35:50.7640637Z Preparing to unpack .../73-libcdio-cdda2t64_10.2+2.0.1-1.1build2_amd64.deb ...
smoke	Install system deps (ffmpeg)	2025-11-10T18:35:50.7662680Z Unpacking libcdio-cdda2t64:amd64 (10.2+2.0.1-1.1build2) ...
smoke	Install system deps (ffmpeg)	2025-11-10T18:35:50.7890034Z Selecting previously unselected package libcdio-paranoia2t64:amd64.
smoke	Install system deps (ffmpeg)	2025-11-10T18:35:50.8024106Z Preparing to unpack .../74-libcdio-paranoia2t64_10.2+2.0.1-1.1build2_amd64.deb ...
smoke	Install system deps (ffmpeg)	2025-11-10T18:35:50.8032750Z Unpacking libcdio-paranoia2t64:amd64 (10.2+2.0.1-1.1build2) ...
smoke	Install system deps (ffmpeg)	2025-11-10T18:35:50.8267339Z Selecting previously unselected package libdc1394-25:amd64.
smoke	Install system deps (ffmpeg)	2025-11-10T18:35:50.8401910Z Preparing to unpack .../75-libdc1394-25_2.2.6-4build1_amd64.deb ...
smoke	Install system deps (ffmpeg)	2025-11-10T18:35:50.8409457Z Unpacking libdc1394-25:amd64 (2.2.6-4build1) ...
smoke	Install system deps (ffmpeg)	2025-11-10T18:35:50.8639166Z Selecting previously unselected package libiec61883-0:amd64.
smoke	Install system deps (ffmpeg)	2025-11-10T18:35:50.8772894Z Preparing to unpack .../76-libiec61883-0_1.2.0-6build1_amd64.deb ...
smoke	Install system deps (ffmpeg)	2025-11-10T18:35:50.8781857Z Unpacking libiec61883-0:amd64 (1.2.0-6build1) ...
smoke	Install system deps (ffmpeg)	2025-11-10T18:35:50.8995654Z Selecting previously unselected package libjack-jackd2-0:amd64.
smoke	Install system deps (ffmpeg)	2025-11-10T18:35:50.9128794Z Preparing to unpack .../77-libjack-jackd2-0_1.9.21~dfsg-3ubuntu3_amd64.deb ...
smoke	Install system deps (ffmpeg)	2025-11-10T18:35:50.9138753Z Unpacking libjack-jackd2-0:amd64 (1.9.21~dfsg-3ubuntu3) ...
smoke	Install system deps (ffmpeg)	2025-11-10T18:35:50.9403351Z Selecting previously unselected package libopenal-data.
smoke	Install system deps (ffmpeg)	2025-11-10T18:35:50.9537970Z Preparing to unpack .../78-libopenal-data_1%3a1.23.1-4build1_all.deb ...
smoke	Install system deps (ffmpeg)	2025-11-10T18:35:50.9545636Z Unpacking libopenal-data (1:1.23.1-4build1) ...
smoke	Install system deps (ffmpeg)	2025-11-10T18:35:50.9801382Z Selecting previously unselected package libsndio7.0:amd64.
smoke	Install system deps (ffmpeg)	2025-11-10T18:35:50.9935210Z Preparing to unpack .../79-libsndio7.0_1.9.0-0.3build3_amd64.deb ...
smoke	Install system deps (ffmpeg)	2025-11-10T18:35:50.9944755Z Unpacking libsndio7.0:amd64 (1.9.0-0.3build3) ...
smoke	Install system deps (ffmpeg)	2025-11-10T18:35:51.0169191Z Selecting previously unselected package libopenal1:amd64.
smoke	Install system deps (ffmpeg)	2025-11-10T18:35:51.0302871Z Preparing to unpack .../80-libopenal1_1%3a1.23.1-4build1_amd64.deb ...
smoke	Install system deps (ffmpeg)	2025-11-10T18:35:51.0314150Z Unpacking libopenal1:amd64 (1:1.23.1-4build1) ...
smoke	Install system deps (ffmpeg)	2025-11-10T18:35:51.0602327Z Selecting previously unselected package libdecor-0-0:amd64.
smoke	Install system deps (ffmpeg)	2025-11-10T18:35:51.0739891Z Preparing to unpack .../81-libdecor-0-0_0.2.2-1build2_amd64.deb ...
smoke	Install system deps (ffmpeg)	2025-11-10T18:35:51.0752447Z Unpacking libdecor-0-0:amd64 (0.2.2-1build2) ...
smoke	Install system deps (ffmpeg)	2025-11-10T18:35:51.0993871Z Selecting previously unselected package libsdl2-2.0-0:amd64.
smoke	Install system deps (ffmpeg)	2025-11-10T18:35:51.1129643Z Preparing to unpack .../82-libsdl2-2.0-0_2.30.0+dfsg-1ubuntu3.1_amd64.deb ...
smoke	Install system deps (ffmpeg)	2025-11-10T18:35:51.1138694Z Unpacking libsdl2-2.0-0:amd64 (2.30.0+dfsg-1ubuntu3.1) ...
smoke	Install system deps (ffmpeg)	2025-11-10T18:35:51.1612032Z Selecting previously unselected package libxcb-shape0:amd64.
smoke	Install system deps (ffmpeg)	2025-11-10T18:35:51.1748260Z Preparing to unpack .../83-libxcb-shape0_1.15-1ubuntu2_amd64.deb ...
smoke	Install system deps (ffmpeg)	2025-11-10T18:35:51.1760478Z Unpacking libxcb-shape0:amd64 (1.15-1ubuntu2) ...
smoke	Install system deps (ffmpeg)	2025-11-10T18:35:51.1978093Z Selecting previously unselected package libxv1:amd64.
smoke	Install system deps (ffmpeg)	2025-11-10T18:35:51.2114246Z Preparing to unpack .../84-libxv1_2%3a1.0.11-1.1build1_amd64.deb ...
smoke	Install system deps (ffmpeg)	2025-11-10T18:35:51.2123177Z Unpacking libxv1:amd64 (2:1.0.11-1.1build1) ...
smoke	Install system deps (ffmpeg)	2025-11-10T18:35:51.2350813Z Selecting previously unselected package libavdevice60:amd64.
smoke	Install system deps (ffmpeg)	2025-11-10T18:35:51.2484646Z Preparing to unpack .../85-libavdevice60_7%3a6.1.1-3ubuntu5_amd64.deb ...
smoke	Install system deps (ffmpeg)	2025-11-10T18:35:51.2494577Z Unpacking libavdevice60:amd64 (7:6.1.1-3ubuntu5) ...
smoke	Install system deps (ffmpeg)	2025-11-10T18:35:51.2714893Z Selecting previously unselected package ffmpeg.
smoke	Install system deps (ffmpeg)	2025-11-10T18:35:51.2849195Z Preparing to unpack .../86-ffmpeg_7%3a6.1.1-3ubuntu5_amd64.deb ...
smoke	Install system deps (ffmpeg)	2025-11-10T18:35:51.2858143Z Unpacking ffmpeg (7:6.1.1-3ubuntu5) ...
smoke	Install system deps (ffmpeg)	2025-11-10T18:35:51.4029904Z Selecting previously unselected package libigdgmm12:amd64.
smoke	Install system deps (ffmpeg)	2025-11-10T18:35:51.4166967Z Preparing to unpack .../87-libigdgmm12_22.3.17+ds1-1_amd64.deb ...
smoke	Install system deps (ffmpeg)	2025-11-10T18:35:51.4174867Z Unpacking libigdgmm12:amd64 (22.3.17+ds1-1) ...
smoke	Install system deps (ffmpeg)	2025-11-10T18:35:51.4419849Z Selecting previously unselected package intel-media-va-driver:amd64.
smoke	Install system deps (ffmpeg)	2025-11-10T18:35:51.4563263Z Preparing to unpack .../88-intel-media-va-driver_24.1.0+dfsg1-1ubuntu0.1_amd64.deb ...
smoke	Install system deps (ffmpeg)	2025-11-10T18:35:51.4572811Z Unpacking intel-media-va-driver:amd64 (24.1.0+dfsg1-1ubuntu0.1) ...
smoke	Install system deps (ffmpeg)	2025-11-10T18:35:51.5417952Z Selecting previously unselected package libaacs0:amd64.
smoke	Install system deps (ffmpeg)	2025-11-10T18:35:51.5556922Z Preparing to unpack .../89-libaacs0_0.11.1-2build1_amd64.deb ...
smoke	Install system deps (ffmpeg)	2025-11-10T18:35:51.5573722Z Unpacking libaacs0:amd64 (0.11.1-2build1) ...
smoke	Install system deps (ffmpeg)	2025-11-10T18:35:51.5841711Z Selecting previously unselected package libbdplus0:amd64.
smoke	Install system deps (ffmpeg)	2025-11-10T18:35:51.5978352Z Preparing to unpack .../90-libbdplus0_0.2.0-3build1_amd64.deb ...
smoke	Install system deps (ffmpeg)	2025-11-10T18:35:51.5990504Z Unpacking libbdplus0:amd64 (0.2.0-3build1) ...
smoke	Install system deps (ffmpeg)	2025-11-10T18:35:51.6225412Z Selecting previously unselected package libdecor-0-plugin-1-gtk:amd64.
smoke	Install system deps (ffmpeg)	2025-11-10T18:35:51.6363063Z Preparing to unpack .../91-libdecor-0-plugin-1-gtk_0.2.2-1build2_amd64.deb ...
smoke	Install system deps (ffmpeg)	2025-11-10T18:35:51.6376133Z Unpacking libdecor-0-plugin-1-gtk:amd64 (0.2.2-1build2) ...
smoke	Install system deps (ffmpeg)	2025-11-10T18:35:51.6617501Z Selecting previously unselected package librsvg2-common:amd64.
smoke	Install system deps (ffmpeg)	2025-11-10T18:35:51.6751784Z Preparing to unpack .../92-librsvg2-common_2.58.0+dfsg-1build1_amd64.deb ...
smoke	Install system deps (ffmpeg)	2025-11-10T18:35:51.6765301Z Unpacking librsvg2-common:amd64 (2.58.0+dfsg-1build1) ...
smoke	Install system deps (ffmpeg)	2025-11-10T18:35:51.7137703Z Preparing to unpack .../93-libssh-4_0.10.6-2ubuntu0.2_amd64.deb ...
smoke	Install system deps (ffmpeg)	2025-11-10T18:35:51.7701249Z Unpacking libssh-4:amd64 (0.10.6-2ubuntu0.2) over (0.10.6-2ubuntu0.1) ...
smoke	Install system deps (ffmpeg)	2025-11-10T18:35:51.8029697Z Selecting previously unselected package mesa-va-drivers:amd64.
smoke	Install system deps (ffmpeg)	2025-11-10T18:35:51.8167006Z Preparing to unpack .../94-mesa-va-drivers_25.0.7-0ubuntu0.24.04.2_amd64.deb ...
smoke	Install system deps (ffmpeg)	2025-11-10T18:35:51.8175092Z Unpacking mesa-va-drivers:amd64 (25.0.7-0ubuntu0.24.04.2) ...
smoke	Install system deps (ffmpeg)	2025-11-10T18:35:51.8382071Z Selecting previously unselected package mesa-vdpau-drivers:amd64.
smoke	Install system deps (ffmpeg)	2025-11-10T18:35:51.8516017Z Preparing to unpack .../95-mesa-vdpau-drivers_25.0.7-0ubuntu0.24.04.2_amd64.deb ...
smoke	Install system deps (ffmpeg)	2025-11-10T18:35:51.8524681Z Unpacking mesa-vdpau-drivers:amd64 (25.0.7-0ubuntu0.24.04.2) ...
smoke	Install system deps (ffmpeg)	2025-11-10T18:35:51.8747594Z Selecting previously unselected package i965-va-driver:amd64.
smoke	Install system deps (ffmpeg)	2025-11-10T18:35:51.8880312Z Preparing to unpack .../96-i965-va-driver_2.4.1+dfsg1-1build2_amd64.deb ...
smoke	Install system deps (ffmpeg)	2025-11-10T18:35:51.8887812Z Unpacking i965-va-driver:amd64 (2.4.1+dfsg1-1build2) ...
smoke	Install system deps (ffmpeg)	2025-11-10T18:35:51.9163684Z Selecting previously unselected package va-driver-all:amd64.
smoke	Install system deps (ffmpeg)	2025-11-10T18:35:51.9297363Z Preparing to unpack .../97-va-driver-all_2.20.0-2build1_amd64.deb ...
smoke	Install system deps (ffmpeg)	2025-11-10T18:35:51.9306471Z Unpacking va-driver-all:amd64 (2.20.0-2build1) ...
smoke	Install system deps (ffmpeg)	2025-11-10T18:35:51.9509691Z Selecting previously unselected package vdpau-driver-all:amd64.
smoke	Install system deps (ffmpeg)	2025-11-10T18:35:51.9649718Z Preparing to unpack .../98-vdpau-driver-all_1.5-2build1_amd64.deb ...
smoke	Install system deps (ffmpeg)	2025-11-10T18:35:51.9672501Z Unpacking vdpau-driver-all:amd64 (1.5-2build1) ...
smoke	Install system deps (ffmpeg)	2025-11-10T18:35:51.9871578Z Selecting previously unselected package pocketsphinx-en-us.
smoke	Install system deps (ffmpeg)	2025-11-10T18:35:52.0007098Z Preparing to unpack .../99-pocketsphinx-en-us_0.8.0+real5prealpha+1-15ubuntu5_all.deb ...
smoke	Install system deps (ffmpeg)	2025-11-10T18:35:52.0016351Z Unpacking pocketsphinx-en-us (0.8.0+real5prealpha+1-15ubuntu5) ...
smoke	Install system deps (ffmpeg)	2025-11-10T18:35:52.2117539Z Setting up libgme0:amd64 (0.6.3-7build1) ...
smoke	Install system deps (ffmpeg)	2025-11-10T18:35:52.2145811Z Setting up libchromaprint1:amd64 (1.5.1-5) ...
smoke	Install system deps (ffmpeg)	2025-11-10T18:35:52.2173624Z Setting up libssh-gcrypt-4:amd64 (0.10.6-2ubuntu0.2) ...
smoke	Install system deps (ffmpeg)	2025-11-10T18:35:52.2197967Z Setting up libhwy1t64:amd64 (1.0.7-8.1build1) ...
smoke	Install system deps (ffmpeg)	2025-11-10T18:35:52.2223508Z Setting up libudfread0:amd64 (1.1.2-1build1) ...
smoke	Install system deps (ffmpeg)	2025-11-10T18:35:52.2245072Z Setting up libraw1394-11:amd64 (2.1.2-2build3) ...
smoke	Install system deps (ffmpeg)	2025-11-10T18:35:52.2268050Z Setting up libspeex1:amd64 (1.2.1-2ubuntu2.24.04.1) ...
smoke	Install system deps (ffmpeg)	2025-11-10T18:35:52.2290590Z Setting up libshine3:amd64 (3.1.1-2build1) ...
smoke	Install system deps (ffmpeg)	2025-11-10T18:35:52.2313392Z Setting up libcaca0:amd64 (0.99.beta20-4build2) ...
smoke	Install system deps (ffmpeg)	2025-11-10T18:35:52.2341850Z Setting up libvpl2 (2023.3.0-1build1) ...
smoke	Install system deps (ffmpeg)	2025-11-10T18:35:52.2366966Z Setting up libx264-164:amd64 (2:0.164.3108+git31e19f9-1) ...
smoke	Install system deps (ffmpeg)	2025-11-10T18:35:52.2389268Z Setting up libtwolame0:amd64 (0.4.0-2build3) ...
smoke	Install system deps (ffmpeg)	2025-11-10T18:35:52.2415267Z Setting up libmbedcrypto7t64:amd64 (2.28.8-1) ...
smoke	Install system deps (ffmpeg)	2025-11-10T18:35:52.2443231Z Setting up libgsm1:amd64 (1.0.22-1build1) ...
smoke	Install system deps (ffmpeg)	2025-11-10T18:35:52.2468654Z Setting up libsoxr0:amd64 (0.1.3-4build3) ...
smoke	Install system deps (ffmpeg)	2025-11-10T18:35:52.2494991Z Setting up libzix-0-0:amd64 (0.4.2-2build1) ...
smoke	Install system deps (ffmpeg)	2025-11-10T18:35:52.2524200Z Setting up libcodec2-1.2:amd64 (1.2.0-2build1) ...
smoke	Install system deps (ffmpeg)	2025-11-10T18:35:52.2546496Z Setting up libmysofa1:amd64 (1.3.2+dfsg-2ubuntu2) ...
smoke	Install system deps (ffmpeg)	2025-11-10T18:35:52.2573109Z Setting up libxcb-shape0:amd64 (1.15-1ubuntu2) ...
smoke	Install system deps (ffmpeg)	2025-11-10T18:35:52.2597662Z Setting up libcdio19t64:amd64 (2.1.0-4.1ubuntu1.2) ...
smoke	Install system deps (ffmpeg)	2025-11-10T18:35:52.2618459Z Setting up libsvtav1enc1d1:amd64 (1.7.0+dfsg-2build1) ...
smoke	Install system deps (ffmpeg)	2025-11-10T18:35:52.2641340Z Setting up libigdgmm12:amd64 (22.3.17+ds1-1) ...
smoke	Install system deps (ffmpeg)	2025-11-10T18:35:52.2665584Z Setting up libmpg123-0t64:amd64 (1.32.5-1ubuntu1.1) ...
smoke	Install system deps (ffmpeg)	2025-11-10T18:35:52.2687524Z Setting up libcjson1:amd64 (1.7.17-1) ...
smoke	Install system deps (ffmpeg)	2025-11-10T18:35:52.2712921Z Setting up libxvidcore4:amd64 (2:1.3.7-1build1) ...
smoke	Install system deps (ffmpeg)	2025-11-10T18:35:52.2736727Z Setting up librav1e0:amd64 (0.7.1-2) ...
smoke	Install system deps (ffmpeg)	2025-11-10T18:35:52.2760519Z Setting up libcdio-cdda2t64:amd64 (10.2+2.0.1-1.1build2) ...
smoke	Install system deps (ffmpeg)	2025-11-10T18:35:52.2785079Z Setting up librist4:amd64 (0.2.10+dfsg-2) ...
smoke	Install system deps (ffmpeg)	2025-11-10T18:35:52.2807945Z Setting up librsvg2-2:amd64 (2.58.0+dfsg-1build1) ...
smoke	Install system deps (ffmpeg)	2025-11-10T18:35:52.2829951Z Setting up libblas3:amd64 (3.12.0-3build1.1) ...
smoke	Install system deps (ffmpeg)	2025-11-10T18:35:52.2892397Z update-alternatives: using /usr/lib/x86_64-linux-gnu/blas/libblas.so.3 to provide /usr/lib/x86_64-linux-gnu/libblas.so.3 (libblas.so.3-x86_64-linux-gnu) in auto mode
smoke	Install system deps (ffmpeg)	2025-11-10T18:35:52.2913770Z Setting up libplacebo338:amd64 (6.338.2-2build1) ...
smoke	Install system deps (ffmpeg)	2025-11-10T18:35:52.2935196Z Setting up libva2:amd64 (2.20.0-2build1) ...
smoke	Install system deps (ffmpeg)	2025-11-10T18:35:52.2959904Z Setting up libopus0:amd64 (1.4-1build1) ...
smoke	Install system deps (ffmpeg)	2025-11-10T18:35:52.2982888Z Setting up libcdio-paranoia2t64:amd64 (10.2+2.0.1-1.1build2) ...
smoke	Install system deps (ffmpeg)	2025-11-10T18:35:52.3007025Z Setting up libdc1394-25:amd64 (2.2.6-4build1) ...
smoke	Install system deps (ffmpeg)	2025-11-10T18:35:52.3031128Z Setting up intel-media-va-driver:amd64 (24.1.0+dfsg1-1ubuntu0.1) ...
smoke	Install system deps (ffmpeg)	2025-11-10T18:35:52.3057560Z Setting up libxv1:amd64 (2:1.0.11-1.1build1) ...
smoke	Install system deps (ffmpeg)	2025-11-10T18:35:52.3077693Z Setting up libunibreak5:amd64 (5.1-2build1) ...
smoke	Install system deps (ffmpeg)	2025-11-10T18:35:52.3102575Z Setting up libaacs0:amd64 (0.11.1-2build1) ...
smoke	Install system deps (ffmpeg)	2025-11-10T18:35:52.3123151Z Setting up libjxl0.7:amd64 (0.7.0-10.2ubuntu6.1) ...
smoke	Install system deps (ffmpeg)	2025-11-10T18:35:52.3148702Z Setting up librsvg2-common:amd64 (2.58.0+dfsg-1build1) ...
smoke	Install system deps (ffmpeg)	2025-11-10T18:35:52.3297523Z Setting up pocketsphinx-en-us (0.8.0+real5prealpha+1-15ubuntu5) ...
smoke	Install system deps (ffmpeg)	2025-11-10T18:35:52.3319988Z Setting up libssh-4:amd64 (0.10.6-2ubuntu0.2) ...
smoke	Install system deps (ffmpeg)	2025-11-10T18:35:52.3346913Z Setting up libx265-199:amd64 (3.5-2build1) ...
smoke	Install system deps (ffmpeg)	2025-11-10T18:35:52.3370491Z Setting up libsndio7.0:amd64 (1.9.0-0.3build3) ...
smoke	Install system deps (ffmpeg)	2025-11-10T18:35:52.3394450Z Setting up libbdplus0:amd64 (0.2.0-3build1) ...
smoke	Install system deps (ffmpeg)	2025-11-10T18:35:52.3419792Z Setting up libvidstab1.1:amd64 (1.1.0-2build1) ...
smoke	Install system deps (ffmpeg)	2025-11-10T18:35:52.3442645Z Setting up libvpx9:amd64 (1.14.0-1ubuntu2.2) ...
smoke	Install system deps (ffmpeg)	2025-11-10T18:35:52.3465667Z Setting up libsrt1.5-gnutls:amd64 (1.5.3-1build2) ...
smoke	Install system deps (ffmpeg)	2025-11-10T18:35:52.3491817Z Setting up libflite1:amd64 (2.2-6build3) ...
smoke	Install system deps (ffmpeg)	2025-11-10T18:35:52.3516748Z Setting up libdav1d7:amd64 (1.4.1-1build1) ...
smoke	Install system deps (ffmpeg)	2025-11-10T18:35:52.3541498Z Setting up libva-drm2:amd64 (2.20.0-2build1) ...
smoke	Install system deps (ffmpeg)	2025-11-10T18:35:52.3565607Z Setting up ocl-icd-libopencl1:amd64 (2.3.2-1build1) ...
smoke	Install system deps (ffmpeg)	2025-11-10T18:35:52.3593439Z Setting up libasyncns0:amd64 (0.8-6build4) ...
smoke	Install system deps (ffmpeg)	2025-11-10T18:35:52.3615638Z Setting up libvdpau1:amd64 (1.5-2build1) ...
smoke	Install system deps (ffmpeg)	2025-11-10T18:35:52.3648285Z Setting up libbs2b0:amd64 (3.1.0+dfsg-7build1) ...
smoke	Install system deps (ffmpeg)	2025-11-10T18:35:52.3672493Z Setting up libtheora0:amd64 (1.1.1+dfsg.1-16.1build3) ...
smoke	Install system deps (ffmpeg)	2025-11-10T18:35:52.3698896Z Setting up libdecor-0-0:amd64 (0.2.2-1build2) ...
smoke	Install system deps (ffmpeg)	2025-11-10T18:35:52.3721927Z Setting up libzimg2:amd64 (3.0.5+ds1-1build1) ...
smoke	Install system deps (ffmpeg)	2025-11-10T18:35:52.3746126Z Setting up libopenal-data (1:1.23.1-4build1) ...
smoke	Install system deps (ffmpeg)	2025-11-10T18:35:52.3781016Z Setting up libflac12t64:amd64 (1.4.3+ds-2.1ubuntu2) ...
smoke	Install system deps (ffmpeg)	2025-11-10T18:35:52.3804100Z Setting up mesa-va-drivers:amd64 (25.0.7-0ubuntu0.24.04.2) ...
smoke	Install system deps (ffmpeg)	2025-11-10T18:35:52.3827067Z Setting up libbluray2:amd64 (1:1.3.4-1build1) ...
smoke	Install system deps (ffmpeg)	2025-11-10T18:35:52.3855711Z Setting up libsamplerate0:amd64 (0.2.2-4build1) ...
smoke	Install system deps (ffmpeg)	2025-11-10T18:35:52.3879294Z Setting up libva-x11-2:amd64 (2.20.0-2build1) ...
smoke	Install system deps (ffmpeg)	2025-11-10T18:35:52.3905541Z Setting up libdecor-0-plugin-1-gtk:amd64 (0.2.2-1build2) ...
smoke	Install system deps (ffmpeg)	2025-11-10T18:35:52.3927336Z Setting up libopenmpt0t64:amd64 (0.7.3-1.1build3) ...
smoke	Install system deps (ffmpeg)	2025-11-10T18:35:52.3948300Z Setting up libzvbi-common (0.2.42-2) ...
smoke	Install system deps (ffmpeg)	2025-11-10T18:35:52.3973798Z Setting up libmp3lame0:amd64 (3.100-6build1) ...
smoke	Install system deps (ffmpeg)	2025-11-10T18:35:52.3998904Z Setting up i965-va-driver:amd64 (2.4.1+dfsg1-1build2) ...
smoke	Install system deps (ffmpeg)	2025-11-10T18:35:52.4026461Z Setting up libvorbisenc2:amd64 (1.3.7-1build3) ...
smoke	Install system deps (ffmpeg)	2025-11-10T18:35:52.4049178Z Setting up libiec61883-0:amd64 (1.2.0-6build1) ...
smoke	Install system deps (ffmpeg)	2025-11-10T18:35:52.4072492Z Setting up libserd-0-0:amd64 (0.32.2-1) ...
smoke	Install system deps (ffmpeg)	2025-11-10T18:35:52.4093633Z Setting up libavc1394-0:amd64 (0.5.4-5build3) ...
smoke	Install system deps (ffmpeg)	2025-11-10T18:35:52.4115061Z Setting up mesa-vdpau-drivers:amd64 (25.0.7-0ubuntu0.24.04.2) ...
smoke	Install system deps (ffmpeg)	2025-11-10T18:35:52.4139219Z Setting up liblapack3:amd64 (3.12.0-3build1.1) ...
smoke	Install system deps (ffmpeg)	2025-11-10T18:35:52.4203583Z update-alternatives: using /usr/lib/x86_64-linux-gnu/lapack/liblapack.so.3 to provide /usr/lib/x86_64-linux-gnu/liblapack.so.3 (liblapack.so.3-x86_64-linux-gnu) in auto mode
smoke	Install system deps (ffmpeg)	2025-11-10T18:35:52.4221340Z Setting up libzvbi0t64:amd64 (0.2.42-2) ...
smoke	Install system deps (ffmpeg)	2025-11-10T18:35:52.4245367Z Setting up libavutil58:amd64 (7:6.1.1-3ubuntu5) ...
smoke	Install system deps (ffmpeg)	2025-11-10T18:35:52.4268360Z Setting up libopenal1:amd64 (1:1.23.1-4build1) ...
smoke	Install system deps (ffmpeg)	2025-11-10T18:35:52.4293658Z Setting up libass9:amd64 (1:0.17.1-2build1) ...
smoke	Install system deps (ffmpeg)	2025-11-10T18:35:52.4319566Z Setting up libswresample4:amd64 (7:6.1.1-3ubuntu5) ...
smoke	Install system deps (ffmpeg)	2025-11-10T18:35:52.4356888Z Setting up va-driver-all:amd64 (2.20.0-2build1) ...
smoke	Install system deps (ffmpeg)	2025-11-10T18:35:52.4378810Z Setting up libavcodec60:amd64 (7:6.1.1-3ubuntu5) ...
smoke	Install system deps (ffmpeg)	2025-11-10T18:35:52.4522545Z Setting up librubberband2:amd64 (3.3.0+dfsg-2build1) ...
smoke	Install system deps (ffmpeg)	2025-11-10T18:35:52.4552844Z Setting up libjack-jackd2-0:amd64 (1.9.21~dfsg-3ubuntu3) ...
smoke	Install system deps (ffmpeg)	2025-11-10T18:35:52.4575491Z Setting up vdpau-driver-all:amd64 (1.5-2build1) ...
smoke	Install system deps (ffmpeg)	2025-11-10T18:35:52.4599062Z Setting up libsord-0-0:amd64 (0.16.16-2build1) ...
smoke	Install system deps (ffmpeg)	2025-11-10T18:35:52.4621389Z Setting up libpostproc57:amd64 (7:6.1.1-3ubuntu5) ...
smoke	Install system deps (ffmpeg)	2025-11-10T18:35:52.4645425Z Setting up libsratom-0-0:amd64 (0.6.16-1build1) ...
smoke	Install system deps (ffmpeg)	2025-11-10T18:35:52.4671367Z Setting up libsndfile1:amd64 (1.2.2-1ubuntu5.24.04.1) ...
smoke	Install system deps (ffmpeg)	2025-11-10T18:35:52.4695099Z Setting up liblilv-0-0:amd64 (0.24.22-1build1) ...
smoke	Install system deps (ffmpeg)	2025-11-10T18:35:52.4742741Z Setting up libswscale7:amd64 (7:6.1.1-3ubuntu5) ...
smoke	Install system deps (ffmpeg)	2025-11-10T18:35:52.4768075Z Setting up libpulse0:amd64 (1:16.1+dfsg1-2ubuntu10.1) ...
smoke	Install system deps (ffmpeg)	2025-11-10T18:35:52.4847781Z Setting up libavformat60:amd64 (7:6.1.1-3ubuntu5) ...
smoke	Install system deps (ffmpeg)	2025-11-10T18:35:52.4894495Z Setting up libsphinxbase3t64:amd64 (0.8+5prealpha+1-17build2) ...
smoke	Install system deps (ffmpeg)	2025-11-10T18:35:52.4917857Z Setting up libsdl2-2.0-0:amd64 (2.30.0+dfsg-1ubuntu3.1) ...
smoke	Install system deps (ffmpeg)	2025-11-10T18:35:52.4941252Z Setting up libpocketsphinx3:amd64 (0.8.0+real5prealpha+1-15ubuntu5) ...
smoke	Install system deps (ffmpeg)	2025-11-10T18:35:52.4965359Z Setting up libavfilter9:amd64 (7:6.1.1-3ubuntu5) ...
smoke	Install system deps (ffmpeg)	2025-11-10T18:35:52.4987875Z Setting up libavdevice60:amd64 (7:6.1.1-3ubuntu5) ...
smoke	Install system deps (ffmpeg)	2025-11-10T18:35:52.5009134Z Setting up ffmpeg (7:6.1.1-3ubuntu5) ...
smoke	Install system deps (ffmpeg)	2025-11-10T18:35:52.5037355Z Processing triggers for man-db (2.12.0-4build2) ...
smoke	Install system deps (ffmpeg)	2025-11-10T18:36:11.3021816Z Processing triggers for libgdk-pixbuf-2.0-0:amd64 (2.42.10+dfsg-3ubuntu3.2) ...
smoke	Install system deps (ffmpeg)	2025-11-10T18:36:11.4370461Z Processing triggers for libc-bin (2.39-0ubuntu8.6) ...
smoke	Install system deps (ffmpeg)	2025-11-10T18:36:12.5523831Z 
smoke	Install system deps (ffmpeg)	2025-11-10T18:36:12.5524750Z Running kernel seems to be up-to-date.
smoke	Install system deps (ffmpeg)	2025-11-10T18:36:12.5525393Z 
smoke	Install system deps (ffmpeg)	2025-11-10T18:36:12.5525745Z Restarting services...
smoke	Install system deps (ffmpeg)	2025-11-10T18:36:12.5699801Z  systemctl restart packagekit.service php8.3-fpm.service
smoke	Install system deps (ffmpeg)	2025-11-10T18:36:12.7212097Z 
smoke	Install system deps (ffmpeg)	2025-11-10T18:36:12.7214820Z No containers need to be restarted.
smoke	Install system deps (ffmpeg)	2025-11-10T18:36:12.7218590Z 
smoke	Install system deps (ffmpeg)	2025-11-10T18:36:12.7222795Z No user sessions are running outdated binaries.
smoke	Install system deps (ffmpeg)	2025-11-10T18:36:12.7223637Z 
smoke	Install system deps (ffmpeg)	2025-11-10T18:36:12.7224247Z No VM guests are running outdated hypervisor (qemu) binaries on this host.
smoke	Install Python deps	﻿2025-11-10T18:36:13.7693767Z ##[group]Run python -m pip install -U pip
smoke	Install Python deps	2025-11-10T18:36:13.7694117Z [36;1mpython -m pip install -U pip[0m
smoke	Install Python deps	2025-11-10T18:36:13.7694469Z [36;1mif [ -f requirements.txt ]; then pip install -r requirements.txt; fi[0m
smoke	Install Python deps	2025-11-10T18:36:13.7694889Z [36;1mif [ -f pyproject.toml ]; then pip install -e ".[dev]"; fi[0m
smoke	Install Python deps	2025-11-10T18:36:13.7729646Z shell: /usr/bin/bash -e {0}
smoke	Install Python deps	2025-11-10T18:36:13.7729865Z env:
smoke	Install Python deps	2025-11-10T18:36:13.7730105Z   pythonLocation: /opt/hostedtoolcache/Python/3.12.12/x64
smoke	Install Python deps	2025-11-10T18:36:13.7730506Z   PKG_CONFIG_PATH: /opt/hostedtoolcache/Python/3.12.12/x64/lib/pkgconfig
smoke	Install Python deps	2025-11-10T18:36:13.7730904Z   Python_ROOT_DIR: /opt/hostedtoolcache/Python/3.12.12/x64
smoke	Install Python deps	2025-11-10T18:36:13.7731249Z   Python2_ROOT_DIR: /opt/hostedtoolcache/Python/3.12.12/x64
smoke	Install Python deps	2025-11-10T18:36:13.7731593Z   Python3_ROOT_DIR: /opt/hostedtoolcache/Python/3.12.12/x64
smoke	Install Python deps	2025-11-10T18:36:13.7731926Z   LD_LIBRARY_PATH: /opt/hostedtoolcache/Python/3.12.12/x64/lib
smoke	Install Python deps	2025-11-10T18:36:13.7732197Z ##[endgroup]
smoke	Install Python deps	2025-11-10T18:36:14.7022962Z Requirement already satisfied: pip in /opt/hostedtoolcache/Python/3.12.12/x64/lib/python3.12/site-packages (25.3)
smoke	Install Python deps	2025-11-10T18:36:15.8267843Z Collecting aiosqlite==0.21.0 (from -r requirements.txt (line 1))
smoke	Install Python deps	2025-11-10T18:36:15.8857696Z   Downloading aiosqlite-0.21.0-py3-none-any.whl.metadata (4.3 kB)
smoke	Install Python deps	2025-11-10T18:36:15.9209065Z Collecting alembic==1.13.2 (from -r requirements.txt (line 2))
smoke	Install Python deps	2025-11-10T18:36:15.9260429Z   Downloading alembic-1.13.2-py3-none-any.whl.metadata (7.4 kB)
smoke	Install Python deps	2025-11-10T18:36:15.9389379Z Collecting annotated-types==0.7.0 (from -r requirements.txt (line 3))
smoke	Install Python deps	2025-11-10T18:36:15.9428165Z   Downloading annotated_types-0.7.0-py3-none-any.whl.metadata (15 kB)
smoke	Install Python deps	2025-11-10T18:36:15.9673192Z Collecting anyio==4.11.0 (from -r requirements.txt (line 4))
smoke	Install Python deps	2025-11-10T18:36:15.9712017Z   Downloading anyio-4.11.0-py3-none-any.whl.metadata (4.1 kB)
smoke	Install Python deps	2025-11-10T18:36:15.9913837Z Collecting certifi==2025.10.5 (from -r requirements.txt (line 5))
smoke	Install Python deps	2025-11-10T18:36:15.9954119Z   Downloading certifi-2025.10.5-py3-none-any.whl.metadata (2.5 kB)
smoke	Install Python deps	2025-11-10T18:36:16.0992690Z Collecting charset-normalizer==3.4.4 (from -r requirements.txt (line 6))
smoke	Install Python deps	2025-11-10T18:36:16.1038894Z   Downloading charset_normalizer-3.4.4-cp312-cp312-manylinux2014_x86_64.manylinux_2_17_x86_64.manylinux_2_28_x86_64.whl.metadata (37 kB)
smoke	Install Python deps	2025-11-10T18:36:16.1281050Z Collecting click==8.1.7 (from -r requirements.txt (line 7))
smoke	Install Python deps	2025-11-10T18:36:16.1319908Z   Downloading click-8.1.7-py3-none-any.whl.metadata (3.0 kB)
smoke	Install Python deps	2025-11-10T18:36:16.4728898Z Collecting coverage==7.11.0 (from -r requirements.txt (line 8))
smoke	Install Python deps	2025-11-10T18:36:16.4793719Z   Downloading coverage-7.11.0-cp312-cp312-manylinux1_x86_64.manylinux_2_28_x86_64.manylinux_2_5_x86_64.whl.metadata (9.0 kB)
smoke	Install Python deps	2025-11-10T18:36:16.5663954Z Collecting debugpy==1.8.17 (from -r requirements.txt (line 9))
smoke	Install Python deps	2025-11-10T18:36:16.5706617Z   Downloading debugpy-1.8.17-cp312-cp312-manylinux_2_34_x86_64.whl.metadata (1.4 kB)
smoke	Install Python deps	2025-11-10T18:36:16.7129833Z Collecting duckdb==1.4.1 (from -r requirements.txt (line 10))
smoke	Install Python deps	2025-11-10T18:36:16.7180383Z   Downloading duckdb-1.4.1-cp312-cp312-manylinux_2_27_x86_64.manylinux_2_28_x86_64.whl.metadata (14 kB)
smoke	Install Python deps	2025-11-10T18:36:16.7635518Z Collecting fastapi==0.119.0 (from -r requirements.txt (line 11))
smoke	Install Python deps	2025-11-10T18:36:16.7677345Z   Downloading fastapi-0.119.0-py3-none-any.whl.metadata (28 kB)
smoke	Install Python deps	2025-11-10T18:36:16.7865167Z Collecting h11==0.16.0 (from -r requirements.txt (line 12))
smoke	Install Python deps	2025-11-10T18:36:16.7930449Z   Downloading h11-0.16.0-py3-none-any.whl.metadata (8.3 kB)
smoke	Install Python deps	2025-11-10T18:36:16.8328309Z Collecting httpcore==1.0.9 (from -r requirements.txt (line 13))
smoke	Install Python deps	2025-11-10T18:36:16.8368752Z   Downloading httpcore-1.0.9-py3-none-any.whl.metadata (21 kB)
smoke	Install Python deps	2025-11-10T18:36:16.8703937Z Collecting httptools==0.7.1 (from -r requirements.txt (line 14))
smoke	Install Python deps	2025-11-10T18:36:16.8743826Z   Downloading httptools-0.7.1-cp312-cp312-manylinux1_x86_64.manylinux_2_28_x86_64.manylinux_2_5_x86_64.whl.metadata (3.5 kB)
smoke	Install Python deps	2025-11-10T18:36:16.8943574Z Collecting httpx==0.27.2 (from -r requirements.txt (line 15))
smoke	Install Python deps	2025-11-10T18:36:16.8986851Z   Downloading httpx-0.27.2-py3-none-any.whl.metadata (7.1 kB)
smoke	Install Python deps	2025-11-10T18:36:16.9139517Z Collecting faster-whisper==1.0.3 (from -r requirements.txt (line 16))
smoke	Install Python deps	2025-11-10T18:36:16.9247010Z   Downloading faster_whisper-1.0.3-py3-none-any.whl.metadata (15 kB)
smoke	Install Python deps	2025-11-10T18:36:17.0138366Z Collecting yt-dlp==2024.8.6 (from -r requirements.txt (line 17))
smoke	Install Python deps	2025-11-10T18:36:17.0209183Z   Downloading yt_dlp-2024.8.6-py3-none-any.whl.metadata (170 kB)
smoke	Install Python deps	2025-11-10T18:36:17.0722272Z Collecting rank-bm25==0.2.2 (from -r requirements.txt (line 18))
smoke	Install Python deps	2025-11-10T18:36:17.0763460Z   Downloading rank_bm25-0.2.2-py3-none-any.whl.metadata (3.2 kB)
smoke	Install Python deps	2025-11-10T18:36:17.2544368Z Collecting numpy==1.26.4 (from -r requirements.txt (line 19))
smoke	Install Python deps	2025-11-10T18:36:17.2591976Z   Downloading numpy-1.26.4-cp312-cp312-manylinux_2_17_x86_64.manylinux2014_x86_64.whl.metadata (61 kB)
smoke	Install Python deps	2025-11-10T18:36:17.3023792Z Collecting tqdm==4.66.4 (from -r requirements.txt (line 20))
smoke	Install Python deps	2025-11-10T18:36:17.3165559Z   Downloading tqdm-4.66.4-py3-none-any.whl.metadata (57 kB)
smoke	Install Python deps	2025-11-10T18:36:17.8648129Z Collecting rapidfuzz==3.9.6 (from -r requirements.txt (line 21))
smoke	Install Python deps	2025-11-10T18:36:17.8702869Z   Downloading rapidfuzz-3.9.6-cp312-cp312-manylinux_2_17_x86_64.manylinux2014_x86_64.whl.metadata (12 kB)
smoke	Install Python deps	2025-11-10T18:36:17.8853681Z Collecting idna==3.11 (from -r requirements.txt (line 22))
smoke	Install Python deps	2025-11-10T18:36:17.8894674Z   Downloading idna-3.11-py3-none-any.whl.metadata (8.4 kB)
smoke	Install Python deps	2025-11-10T18:36:17.9025843Z Collecting iniconfig==2.1.0 (from -r requirements.txt (line 23))
smoke	Install Python deps	2025-11-10T18:36:17.9069453Z   Downloading iniconfig-2.1.0-py3-none-any.whl.metadata (2.7 kB)
smoke	Install Python deps	2025-11-10T18:36:17.9225533Z Collecting jsonpatch==1.33 (from -r requirements.txt (line 24))
smoke	Install Python deps	2025-11-10T18:36:17.9263522Z   Downloading jsonpatch-1.33-py2.py3-none-any.whl.metadata (3.0 kB)
smoke	Install Python deps	2025-11-10T18:36:17.9513234Z Collecting jsonschema==4.23.0 (from -r requirements.txt (line 25))
smoke	Install Python deps	2025-11-10T18:36:17.9551754Z   Downloading jsonschema-4.23.0-py3-none-any.whl.metadata (7.9 kB)
smoke	Install Python deps	2025-11-10T18:36:17.9723960Z Collecting jsonpointer==3.0.0 (from -r requirements.txt (line 26))
smoke	Install Python deps	2025-11-10T18:36:17.9766962Z   Downloading jsonpointer-3.0.0-py2.py3-none-any.whl.metadata (2.3 kB)
smoke	Install Python deps	2025-11-10T18:36:18.0202421Z Collecting langchain-core==1.0.0 (from -r requirements.txt (line 27))
smoke	Install Python deps	2025-11-10T18:36:18.0250775Z   Downloading langchain_core-1.0.0-py3-none-any.whl.metadata (3.4 kB)
smoke	Install Python deps	2025-11-10T18:36:18.0782981Z Collecting langgraph==0.6.10 (from -r requirements.txt (line 28))
smoke	Install Python deps	2025-11-10T18:36:18.0837691Z   Downloading langgraph-0.6.10-py3-none-any.whl.metadata (6.8 kB)
smoke	Install Python deps	2025-11-10T18:36:18.1047113Z Collecting langgraph-checkpoint==2.1.2 (from -r requirements.txt (line 29))
smoke	Install Python deps	2025-11-10T18:36:18.1095348Z   Downloading langgraph_checkpoint-2.1.2-py3-none-any.whl.metadata (4.2 kB)
smoke	Install Python deps	2025-11-10T18:36:18.1287269Z Collecting langgraph-checkpoint-sqlite==2.0.11 (from -r requirements.txt (line 30))
smoke	Install Python deps	2025-11-10T18:36:18.1333265Z   Downloading langgraph_checkpoint_sqlite-2.0.11-py3-none-any.whl.metadata (2.6 kB)
smoke	Install Python deps	2025-11-10T18:36:18.1478592Z Collecting langgraph-prebuilt==0.6.4 (from -r requirements.txt (line 31))
smoke	Install Python deps	2025-11-10T18:36:18.1530279Z   Downloading langgraph_prebuilt-0.6.4-py3-none-any.whl.metadata (4.5 kB)
smoke	Install Python deps	2025-11-10T18:36:18.1745768Z Collecting langgraph-sdk==0.2.9 (from -r requirements.txt (line 32))
smoke	Install Python deps	2025-11-10T18:36:18.1781447Z   Downloading langgraph_sdk-0.2.9-py3-none-any.whl.metadata (1.5 kB)
smoke	Install Python deps	2025-11-10T18:36:18.2429503Z Collecting langsmith==0.4.37 (from -r requirements.txt (line 33))
smoke	Install Python deps	2025-11-10T18:36:18.2481061Z   Downloading langsmith-0.4.37-py3-none-any.whl.metadata (14 kB)
smoke	Install Python deps	2025-11-10T18:36:18.2679655Z Collecting Mako==1.3.10 (from -r requirements.txt (line 34))
smoke	Install Python deps	2025-11-10T18:36:18.2718097Z   Downloading mako-1.3.10-py3-none-any.whl.metadata (2.9 kB)
smoke	Install Python deps	2025-11-10T18:36:18.3249443Z Collecting MarkupSafe==3.0.3 (from -r requirements.txt (line 35))
smoke	Install Python deps	2025-11-10T18:36:18.3291571Z   Downloading markupsafe-3.0.3-cp312-cp312-manylinux2014_x86_64.manylinux_2_17_x86_64.manylinux_2_28_x86_64.whl.metadata (2.7 kB)
smoke	Install Python deps	2025-11-10T18:36:18.6214550Z Collecting orjson==3.11.3 (from -r requirements.txt (line 36))
smoke	Install Python deps	2025-11-10T18:36:18.6270563Z   Downloading orjson-3.11.3-cp312-cp312-manylinux_2_17_x86_64.manylinux2014_x86_64.whl.metadata (41 kB)
smoke	Install Python deps	2025-11-10T18:36:18.6793967Z Collecting ormsgpack==1.11.0 (from -r requirements.txt (line 37))
smoke	Install Python deps	2025-11-10T18:36:18.6886755Z   Downloading ormsgpack-1.11.0-cp312-cp312-manylinux_2_17_x86_64.manylinux2014_x86_64.whl.metadata (1.2 kB)
smoke	Install Python deps	2025-11-10T18:36:18.7059197Z Collecting packaging==25.0 (from -r requirements.txt (line 38))
smoke	Install Python deps	2025-11-10T18:36:18.7098108Z   Downloading packaging-25.0-py3-none-any.whl.metadata (3.3 kB)
smoke	Install Python deps	2025-11-10T18:36:18.7237560Z Collecting pluggy==1.6.0 (from -r requirements.txt (line 39))
smoke	Install Python deps	2025-11-10T18:36:18.7274802Z   Downloading pluggy-1.6.0-py3-none-any.whl.metadata (4.8 kB)
smoke	Install Python deps	2025-11-10T18:36:18.7491432Z Collecting psycopg==3.2.10 (from psycopg[binary]==3.2.10->-r requirements.txt (line 40))
smoke	Install Python deps	2025-11-10T18:36:18.7533084Z   Downloading psycopg-3.2.10-py3-none-any.whl.metadata (4.6 kB)
smoke	Install Python deps	2025-11-10T18:36:18.8719479Z Collecting pydantic==2.12.0 (from -r requirements.txt (line 41))
smoke	Install Python deps	2025-11-10T18:36:18.8768562Z   Downloading pydantic-2.12.0-py3-none-any.whl.metadata (83 kB)
smoke	Install Python deps	2025-11-10T18:36:18.8967969Z Collecting pydantic-settings==2.6.1 (from -r requirements.txt (line 42))
smoke	Install Python deps	2025-11-10T18:36:18.9006638Z   Downloading pydantic_settings-2.6.1-py3-none-any.whl.metadata (3.5 kB)
smoke	Install Python deps	2025-11-10T18:36:19.6197615Z Collecting pydantic_core==2.41.1 (from -r requirements.txt (line 43))
smoke	Install Python deps	2025-11-10T18:36:19.6299083Z   Downloading pydantic_core-2.41.1-cp312-cp312-manylinux_2_17_x86_64.manylinux2014_x86_64.whl.metadata (7.3 kB)
smoke	Install Python deps	2025-11-10T18:36:19.6645842Z Collecting pytest==8.3.3 (from -r requirements.txt (line 44))
smoke	Install Python deps	2025-11-10T18:36:19.6682826Z   Downloading pytest-8.3.3-py3-none-any.whl.metadata (7.5 kB)
smoke	Install Python deps	2025-11-10T18:36:19.6870981Z Collecting pytest-cov==5.0.0 (from -r requirements.txt (line 45))
smoke	Install Python deps	2025-11-10T18:36:19.6910019Z   Downloading pytest_cov-5.0.0-py3-none-any.whl.metadata (27 kB)
smoke	Install Python deps	2025-11-10T18:36:19.7123170Z Collecting python-dotenv==1.1.1 (from -r requirements.txt (line 46))
smoke	Install Python deps	2025-11-10T18:36:19.7165455Z   Downloading python_dotenv-1.1.1-py3-none-any.whl.metadata (24 kB)
smoke	Install Python deps	2025-11-10T18:36:19.7563846Z Collecting PyYAML==6.0.3 (from -r requirements.txt (line 47))
smoke	Install Python deps	2025-11-10T18:36:19.7606825Z   Downloading pyyaml-6.0.3-cp312-cp312-manylinux2014_x86_64.manylinux_2_17_x86_64.manylinux_2_28_x86_64.whl.metadata (2.4 kB)
smoke	Install Python deps	2025-11-10T18:36:19.7870119Z Collecting requests==2.32.5 (from -r requirements.txt (line 48))
smoke	Install Python deps	2025-11-10T18:36:19.7908504Z   Downloading requests-2.32.5-py3-none-any.whl.metadata (4.9 kB)
smoke	Install Python deps	2025-11-10T18:36:19.8046801Z Collecting requests-toolbelt==1.0.0 (from -r requirements.txt (line 49))
smoke	Install Python deps	2025-11-10T18:36:19.8086486Z   Downloading requests_toolbelt-1.0.0-py2.py3-none-any.whl.metadata (14 kB)
smoke	Install Python deps	2025-11-10T18:36:19.8263574Z Collecting sniffio==1.3.1 (from -r requirements.txt (line 50))
smoke	Install Python deps	2025-11-10T18:36:19.8301772Z   Downloading sniffio-1.3.1-py3-none-any.whl.metadata (3.9 kB)
smoke	Install Python deps	2025-11-10T18:36:20.0829062Z Collecting SQLAlchemy==2.0.36 (from -r requirements.txt (line 51))
smoke	Install Python deps	2025-11-10T18:36:20.0872598Z   Downloading SQLAlchemy-2.0.36-cp312-cp312-manylinux_2_17_x86_64.manylinux2014_x86_64.whl.metadata (9.7 kB)
smoke	Install Python deps	2025-11-10T18:36:20.1211359Z Collecting sqlite-vec==0.1.6 (from -r requirements.txt (line 52))
smoke	Install Python deps	2025-11-10T18:36:20.1265672Z   Downloading sqlite_vec-0.1.6-py3-none-manylinux_2_17_x86_64.manylinux2014_x86_64.manylinux1_x86_64.whl.metadata (198 bytes)
smoke	Install Python deps	2025-11-10T18:36:20.1559425Z Collecting starlette==0.48.0 (from -r requirements.txt (line 53))
smoke	Install Python deps	2025-11-10T18:36:20.1600257Z   Downloading starlette-0.48.0-py3-none-any.whl.metadata (6.3 kB)
smoke	Install Python deps	2025-11-10T18:36:20.1795376Z Collecting tenacity==9.1.2 (from -r requirements.txt (line 54))
smoke	Install Python deps	2025-11-10T18:36:20.1833711Z   Downloading tenacity-9.1.2-py3-none-any.whl.metadata (1.2 kB)
smoke	Install Python deps	2025-11-10T18:36:20.1952850Z Collecting typing-inspection==0.4.2 (from -r requirements.txt (line 55))
smoke	Install Python deps	2025-11-10T18:36:20.1989398Z   Downloading typing_inspection-0.4.2-py3-none-any.whl.metadata (2.6 kB)
smoke	Install Python deps	2025-11-10T18:36:20.2179454Z Collecting typing_extensions==4.15.0 (from -r requirements.txt (line 56))
smoke	Install Python deps	2025-11-10T18:36:20.2215473Z   Downloading typing_extensions-4.15.0-py3-none-any.whl.metadata (3.3 kB)
smoke	Install Python deps	2025-11-10T18:36:20.2472491Z Collecting urllib3==2.5.0 (from -r requirements.txt (line 57))
smoke	Install Python deps	2025-11-10T18:36:20.2512500Z   Downloading urllib3-2.5.0-py3-none-any.whl.metadata (6.5 kB)
smoke	Install Python deps	2025-11-10T18:36:20.2789357Z Collecting uvicorn==0.37.0 (from -r requirements.txt (line 58))
smoke	Install Python deps	2025-11-10T18:36:20.2826717Z   Downloading uvicorn-0.37.0-py3-none-any.whl.metadata (6.6 kB)
smoke	Install Python deps	2025-11-10T18:36:20.4018702Z Collecting uvloop==0.21.0 (from -r requirements.txt (line 59))
smoke	Install Python deps	2025-11-10T18:36:20.4085324Z   Downloading uvloop-0.21.0-cp312-cp312-manylinux_2_17_x86_64.manylinux2014_x86_64.whl.metadata (4.9 kB)
smoke	Install Python deps	2025-11-10T18:36:20.4884411Z Collecting watchfiles==1.1.1 (from -r requirements.txt (line 60))
smoke	Install Python deps	2025-11-10T18:36:20.4924757Z   Downloading watchfiles-1.1.1-cp312-cp312-manylinux_2_17_x86_64.manylinux2014_x86_64.whl.metadata (4.9 kB)
smoke	Install Python deps	2025-11-10T18:36:20.5786605Z Collecting websockets==15.0.1 (from -r requirements.txt (line 61))
smoke	Install Python deps	2025-11-10T18:36:20.5828538Z   Downloading websockets-15.0.1-cp312-cp312-manylinux_2_5_x86_64.manylinux1_x86_64.manylinux_2_17_x86_64.manylinux2014_x86_64.whl.metadata (6.8 kB)
smoke	Install Python deps	2025-11-10T18:36:20.6611527Z Collecting xxhash==3.6.0 (from -r requirements.txt (line 62))
smoke	Install Python deps	2025-11-10T18:36:20.6653067Z   Downloading xxhash-3.6.0-cp312-cp312-manylinux2014_x86_64.manylinux_2_17_x86_64.manylinux_2_28_x86_64.whl.metadata (13 kB)
smoke	Install Python deps	2025-11-10T18:36:20.7384736Z Collecting zstandard==0.25.0 (from -r requirements.txt (line 63))
smoke	Install Python deps	2025-11-10T18:36:20.7424041Z   Downloading zstandard-0.25.0-cp312-cp312-manylinux2014_x86_64.manylinux_2_17_x86_64.whl.metadata (3.3 kB)
smoke	Install Python deps	2025-11-10T18:36:20.7559121Z Collecting slowapi==0.1.9 (from -r requirements.txt (line 64))
smoke	Install Python deps	2025-11-10T18:36:20.7695639Z   Downloading slowapi-0.1.9-py3-none-any.whl.metadata (3.0 kB)
smoke	Install Python deps	2025-11-10T18:36:20.7970998Z Collecting redis==6.4.0 (from -r requirements.txt (line 65))
smoke	Install Python deps	2025-11-10T18:36:20.8012622Z   Downloading redis-6.4.0-py3-none-any.whl.metadata (10 kB)
smoke	Install Python deps	2025-11-10T18:36:20.8265164Z Collecting limits==5.6.0 (from -r requirements.txt (line 66))
smoke	Install Python deps	2025-11-10T18:36:20.8303051Z   Downloading limits-5.6.0-py3-none-any.whl.metadata (10 kB)
smoke	Install Python deps	2025-11-10T18:36:20.8513879Z Collecting prometheus-fastapi-instrumentator==7.1.0 (from -r requirements.txt (line 67))
smoke	Install Python deps	2025-11-10T18:36:20.8553059Z   Downloading prometheus_fastapi_instrumentator-7.1.0-py3-none-any.whl.metadata (13 kB)
smoke	Install Python deps	2025-11-10T18:36:20.8722507Z Collecting prometheus-client==0.23.1 (from -r requirements.txt (line 68))
smoke	Install Python deps	2025-11-10T18:36:20.8761999Z   Downloading prometheus_client-0.23.1-py3-none-any.whl.metadata (1.9 kB)
smoke	Install Python deps	2025-11-10T18:36:21.0227050Z Collecting av<13,>=11.0 (from faster-whisper==1.0.3->-r requirements.txt (line 16))
smoke	Install Python deps	2025-11-10T18:36:21.0281628Z   Downloading av-12.3.0-cp312-cp312-manylinux_2_17_x86_64.manylinux2014_x86_64.whl.metadata (4.6 kB)
smoke	Install Python deps	2025-11-10T18:36:21.1057449Z Collecting ctranslate2<5,>=4.0 (from faster-whisper==1.0.3->-r requirements.txt (line 16))
smoke	Install Python deps	2025-11-10T18:36:21.1107766Z   Downloading ctranslate2-4.6.1-cp312-cp312-manylinux2014_x86_64.manylinux_2_17_x86_64.whl.metadata (10 kB)
smoke	Install Python deps	2025-11-10T18:36:21.1580224Z Collecting huggingface-hub>=0.13 (from faster-whisper==1.0.3->-r requirements.txt (line 16))
smoke	Install Python deps	2025-11-10T18:36:21.1621600Z   Downloading huggingface_hub-1.1.2-py3-none-any.whl.metadata (13 kB)
smoke	Install Python deps	2025-11-10T18:36:21.3355143Z Collecting tokenizers<1,>=0.13 (from faster-whisper==1.0.3->-r requirements.txt (line 16))
smoke	Install Python deps	2025-11-10T18:36:21.3397891Z   Downloading tokenizers-0.22.1-cp39-abi3-manylinux_2_17_x86_64.manylinux2014_x86_64.whl.metadata (6.8 kB)
smoke	Install Python deps	2025-11-10T18:36:21.3979142Z Collecting onnxruntime<2,>=1.14 (from faster-whisper==1.0.3->-r requirements.txt (line 16))
smoke	Install Python deps	2025-11-10T18:36:21.4041512Z   Downloading onnxruntime-1.23.2-cp312-cp312-manylinux_2_27_x86_64.manylinux_2_28_x86_64.whl.metadata (5.1 kB)
smoke	Install Python deps	2025-11-10T18:36:21.4396564Z Collecting brotli (from yt-dlp==2024.8.6->-r requirements.txt (line 17))
smoke	Install Python deps	2025-11-10T18:36:21.4439152Z   Downloading brotli-1.2.0-cp312-cp312-manylinux2014_x86_64.manylinux_2_17_x86_64.whl.metadata (6.1 kB)
smoke	Install Python deps	2025-11-10T18:36:21.4590714Z Collecting mutagen (from yt-dlp==2024.8.6->-r requirements.txt (line 17))
smoke	Install Python deps	2025-11-10T18:36:21.4647408Z   Downloading mutagen-1.47.0-py3-none-any.whl.metadata (1.7 kB)
smoke	Install Python deps	2025-11-10T18:36:21.5455509Z Collecting pycryptodomex (from yt-dlp==2024.8.6->-r requirements.txt (line 17))
smoke	Install Python deps	2025-11-10T18:36:21.5498317Z   Downloading pycryptodomex-3.23.0-cp37-abi3-manylinux_2_17_x86_64.manylinux2014_x86_64.whl.metadata (3.4 kB)
smoke	Install Python deps	2025-11-10T18:36:21.6196566Z Collecting attrs>=22.2.0 (from jsonschema==4.23.0->-r requirements.txt (line 25))
smoke	Install Python deps	2025-11-10T18:36:21.6236991Z   Downloading attrs-25.4.0-py3-none-any.whl.metadata (10 kB)
smoke	Install Python deps	2025-11-10T18:36:21.6392374Z Collecting jsonschema-specifications>=2023.03.6 (from jsonschema==4.23.0->-r requirements.txt (line 25))
smoke	Install Python deps	2025-11-10T18:36:21.7303780Z   Downloading jsonschema_specifications-2025.9.1-py3-none-any.whl.metadata (2.9 kB)
smoke	Install Python deps	2025-11-10T18:36:21.7579869Z Collecting referencing>=0.28.4 (from jsonschema==4.23.0->-r requirements.txt (line 25))
smoke	Install Python deps	2025-11-10T18:36:21.7621473Z   Downloading referencing-0.37.0-py3-none-any.whl.metadata (2.8 kB)
smoke	Install Python deps	2025-11-10T18:36:22.0233442Z Collecting rpds-py>=0.7.1 (from jsonschema==4.23.0->-r requirements.txt (line 25))
smoke	Install Python deps	2025-11-10T18:36:22.0285232Z   Downloading rpds_py-0.28.0-cp312-cp312-manylinux_2_17_x86_64.manylinux2014_x86_64.whl.metadata (4.1 kB)
smoke	Install Python deps	2025-11-10T18:36:22.5009025Z Collecting greenlet!=0.4.17 (from SQLAlchemy==2.0.36->-r requirements.txt (line 51))
smoke	Install Python deps	2025-11-10T18:36:22.5057229Z   Downloading greenlet-3.2.4-cp312-cp312-manylinux_2_24_x86_64.manylinux_2_28_x86_64.whl.metadata (4.1 kB)
smoke	Install Python deps	2025-11-10T18:36:22.5651206Z Collecting deprecated>=1.2 (from limits==5.6.0->-r requirements.txt (line 66))
smoke	Install Python deps	2025-11-10T18:36:22.5688713Z   Downloading deprecated-1.3.1-py2.py3-none-any.whl.metadata (5.9 kB)
smoke	Install Python deps	2025-11-10T18:36:22.7650457Z Collecting psycopg-binary==3.2.10 (from psycopg[binary]==3.2.10->-r requirements.txt (line 40))
smoke	Install Python deps	2025-11-10T18:36:22.7698834Z   Downloading psycopg_binary-3.2.10-cp312-cp312-manylinux2014_x86_64.manylinux_2_17_x86_64.whl.metadata (3.0 kB)
smoke	Install Python deps	2025-11-10T18:36:22.9034374Z Collecting setuptools (from ctranslate2<5,>=4.0->faster-whisper==1.0.3->-r requirements.txt (line 16))
smoke	Install Python deps	2025-11-10T18:36:22.9075803Z   Downloading setuptools-80.9.0-py3-none-any.whl.metadata (6.6 kB)
smoke	Install Python deps	2025-11-10T18:36:22.9378773Z Collecting coloredlogs (from onnxruntime<2,>=1.14->faster-whisper==1.0.3->-r requirements.txt (line 16))
smoke	Install Python deps	2025-11-10T18:36:22.9415729Z   Downloading coloredlogs-15.0.1-py2.py3-none-any.whl.metadata (12 kB)
smoke	Install Python deps	2025-11-10T18:36:22.9572288Z Collecting flatbuffers (from onnxruntime<2,>=1.14->faster-whisper==1.0.3->-r requirements.txt (line 16))
smoke	Install Python deps	2025-11-10T18:36:22.9610819Z   Downloading flatbuffers-25.9.23-py2.py3-none-any.whl.metadata (875 bytes)
smoke	Install Python deps	2025-11-10T18:36:23.1266781Z Collecting protobuf (from onnxruntime<2,>=1.14->faster-whisper==1.0.3->-r requirements.txt (line 16))
smoke	Install Python deps	2025-11-10T18:36:23.1308712Z   Downloading protobuf-6.33.0-cp39-abi3-manylinux2014_x86_64.whl.metadata (593 bytes)
smoke	Install Python deps	2025-11-10T18:36:23.1499030Z Collecting sympy (from onnxruntime<2,>=1.14->faster-whisper==1.0.3->-r requirements.txt (line 16))
smoke	Install Python deps	2025-11-10T18:36:23.1537212Z   Downloading sympy-1.14.0-py3-none-any.whl.metadata (12 kB)
smoke	Install Python deps	2025-11-10T18:36:23.2049609Z Collecting filelock (from huggingface-hub>=0.13->faster-whisper==1.0.3->-r requirements.txt (line 16))
smoke	Install Python deps	2025-11-10T18:36:23.2088380Z   Downloading filelock-3.20.0-py3-none-any.whl.metadata (2.1 kB)
smoke	Install Python deps	2025-11-10T18:36:23.2343544Z Collecting fsspec>=2023.5.0 (from huggingface-hub>=0.13->faster-whisper==1.0.3->-r requirements.txt (line 16))
smoke	Install Python deps	2025-11-10T18:36:23.2384174Z   Downloading fsspec-2025.10.0-py3-none-any.whl.metadata (10 kB)
smoke	Install Python deps	2025-11-10T18:36:23.3052337Z Collecting hf-xet<2.0.0,>=1.2.0 (from huggingface-hub>=0.13->faster-whisper==1.0.3->-r requirements.txt (line 16))
smoke	Install Python deps	2025-11-10T18:36:23.3093433Z   Downloading hf_xet-1.2.0-cp37-abi3-manylinux_2_17_x86_64.manylinux2014_x86_64.whl.metadata (4.9 kB)
smoke	Install Python deps	2025-11-10T18:36:23.3326966Z Collecting shellingham (from huggingface-hub>=0.13->faster-whisper==1.0.3->-r requirements.txt (line 16))
smoke	Install Python deps	2025-11-10T18:36:23.3365086Z   Downloading shellingham-1.5.4-py2.py3-none-any.whl.metadata (3.5 kB)
smoke	Install Python deps	2025-11-10T18:36:23.3602950Z Collecting typer-slim (from huggingface-hub>=0.13->faster-whisper==1.0.3->-r requirements.txt (line 16))
smoke	Install Python deps	2025-11-10T18:36:23.3645870Z   Downloading typer_slim-0.20.0-py3-none-any.whl.metadata (16 kB)
smoke	Install Python deps	2025-11-10T18:36:23.6334115Z Collecting wrapt<3,>=1.10 (from deprecated>=1.2->limits==5.6.0->-r requirements.txt (line 66))
smoke	Install Python deps	2025-11-10T18:36:23.6374325Z   Downloading wrapt-2.0.1-cp312-cp312-manylinux1_x86_64.manylinux_2_28_x86_64.manylinux_2_5_x86_64.whl.metadata (9.0 kB)
smoke	Install Python deps	2025-11-10T18:36:23.7038173Z Collecting humanfriendly>=9.1 (from coloredlogs->onnxruntime<2,>=1.14->faster-whisper==1.0.3->-r requirements.txt (line 16))
smoke	Install Python deps	2025-11-10T18:36:23.7078091Z   Downloading humanfriendly-10.0-py2.py3-none-any.whl.metadata (9.2 kB)
smoke	Install Python deps	2025-11-10T18:36:23.7500871Z Collecting mpmath<1.4,>=1.1.0 (from sympy->onnxruntime<2,>=1.14->faster-whisper==1.0.3->-r requirements.txt (line 16))
smoke	Install Python deps	2025-11-10T18:36:23.7537019Z   Downloading mpmath-1.3.0-py3-none-any.whl.metadata (8.6 kB)
smoke	Install Python deps	2025-11-10T18:36:23.7738888Z Downloading aiosqlite-0.21.0-py3-none-any.whl (15 kB)
smoke	Install Python deps	2025-11-10T18:36:23.7800451Z Downloading alembic-1.13.2-py3-none-any.whl (232 kB)
smoke	Install Python deps	2025-11-10T18:36:23.7874665Z Downloading annotated_types-0.7.0-py3-none-any.whl (13 kB)
smoke	Install Python deps	2025-11-10T18:36:23.7933199Z Downloading anyio-4.11.0-py3-none-any.whl (109 kB)
smoke	Install Python deps	2025-11-10T18:36:23.8013288Z Downloading certifi-2025.10.5-py3-none-any.whl (163 kB)
smoke	Install Python deps	2025-11-10T18:36:23.8099143Z Downloading charset_normalizer-3.4.4-cp312-cp312-manylinux2014_x86_64.manylinux_2_17_x86_64.manylinux_2_28_x86_64.whl (153 kB)
smoke	Install Python deps	2025-11-10T18:36:23.8187032Z Downloading click-8.1.7-py3-none-any.whl (97 kB)
smoke	Install Python deps	2025-11-10T18:36:23.8256821Z Downloading coverage-7.11.0-cp312-cp312-manylinux1_x86_64.manylinux_2_28_x86_64.manylinux_2_5_x86_64.whl (250 kB)
smoke	Install Python deps	2025-11-10T18:36:23.8336478Z Downloading debugpy-1.8.17-cp312-cp312-manylinux_2_34_x86_64.whl (4.3 MB)
smoke	Install Python deps	2025-11-10T18:36:23.8585865Z    ━━━━━━━━━━━━━━━━━━━━━━━━━━━━━━━━━━━━━━━━ 4.3/4.3 MB 188.6 MB/s  0:00:00
smoke	Install Python deps	2025-11-10T18:36:23.8657317Z Downloading duckdb-1.4.1-cp312-cp312-manylinux_2_27_x86_64.manylinux_2_28_x86_64.whl (20.5 MB)
smoke	Install Python deps	2025-11-10T18:36:23.9895791Z    ━━━━━━━━━━━━━━━━━━━━━━━━━━━━━━━━━━━━━━━━ 20.5/20.5 MB 168.0 MB/s  0:00:00
smoke	Install Python deps	2025-11-10T18:36:23.9934409Z Downloading fastapi-0.119.0-py3-none-any.whl (107 kB)
smoke	Install Python deps	2025-11-10T18:36:24.0006599Z Downloading pydantic-2.12.0-py3-none-any.whl (459 kB)
smoke	Install Python deps	2025-11-10T18:36:24.0104084Z Downloading starlette-0.48.0-py3-none-any.whl (73 kB)
smoke	Install Python deps	2025-11-10T18:36:24.0166145Z Downloading h11-0.16.0-py3-none-any.whl (37 kB)
smoke	Install Python deps	2025-11-10T18:36:24.0232834Z Downloading httpcore-1.0.9-py3-none-any.whl (78 kB)
smoke	Install Python deps	2025-11-10T18:36:24.0300746Z Downloading httptools-0.7.1-cp312-cp312-manylinux1_x86_64.manylinux_2_28_x86_64.manylinux_2_5_x86_64.whl (517 kB)
smoke	Install Python deps	2025-11-10T18:36:24.0411238Z Downloading httpx-0.27.2-py3-none-any.whl (76 kB)
smoke	Install Python deps	2025-11-10T18:36:24.0507583Z Downloading faster_whisper-1.0.3-py3-none-any.whl (2.0 MB)
smoke	Install Python deps	2025-11-10T18:36:24.0717676Z    ━━━━━━━━━━━━━━━━━━━━━━━━━━━━━━━━━━━━━━━━ 2.0/2.0 MB 93.7 MB/s  0:00:00
smoke	Install Python deps	2025-11-10T18:36:24.0782081Z Downloading yt_dlp-2024.8.6-py3-none-any.whl (3.1 MB)
smoke	Install Python deps	2025-11-10T18:36:24.1287089Z    ━━━━━━━━━━━━━━━━━━━━━━━━━━━━━━━━━━━━━━━━ 3.1/3.1 MB 62.2 MB/s  0:00:00
smoke	Install Python deps	2025-11-10T18:36:24.1336787Z Downloading requests-2.32.5-py3-none-any.whl (64 kB)
smoke	Install Python deps	2025-11-10T18:36:24.1399231Z Downloading idna-3.11-py3-none-any.whl (71 kB)
smoke	Install Python deps	2025-11-10T18:36:24.1464313Z Downloading urllib3-2.5.0-py3-none-any.whl (129 kB)
smoke	Install Python deps	2025-11-10T18:36:24.1526916Z Downloading rank_bm25-0.2.2-py3-none-any.whl (8.6 kB)
smoke	Install Python deps	2025-11-10T18:36:24.1584809Z Downloading numpy-1.26.4-cp312-cp312-manylinux_2_17_x86_64.manylinux2014_x86_64.whl (18.0 MB)
smoke	Install Python deps	2025-11-10T18:36:24.2837999Z    ━━━━━━━━━━━━━━━━━━━━━━━━━━━━━━━━━━━━━━━━ 18.0/18.0 MB 145.5 MB/s  0:00:00
smoke	Install Python deps	2025-11-10T18:36:24.3182070Z Downloading tqdm-4.66.4-py3-none-any.whl (78 kB)
smoke	Install Python deps	2025-11-10T18:36:24.3262274Z Downloading rapidfuzz-3.9.6-cp312-cp312-manylinux_2_17_x86_64.manylinux2014_x86_64.whl (3.4 MB)
smoke	Install Python deps	2025-11-10T18:36:24.3506897Z    ━━━━━━━━━━━━━━━━━━━━━━━━━━━━━━━━━━━━━━━━ 3.4/3.4 MB 144.5 MB/s  0:00:00
smoke	Install Python deps	2025-11-10T18:36:24.3553641Z Downloading iniconfig-2.1.0-py3-none-any.whl (6.0 kB)
smoke	Install Python deps	2025-11-10T18:36:24.3625069Z Downloading jsonpatch-1.33-py2.py3-none-any.whl (12 kB)
smoke	Install Python deps	2025-11-10T18:36:24.3688586Z Downloading jsonschema-4.23.0-py3-none-any.whl (88 kB)
smoke	Install Python deps	2025-11-10T18:36:24.3757348Z Downloading jsonpointer-3.0.0-py2.py3-none-any.whl (7.6 kB)
smoke	Install Python deps	2025-11-10T18:36:24.3831689Z Downloading langchain_core-1.0.0-py3-none-any.whl (467 kB)
smoke	Install Python deps	2025-11-10T18:36:24.3933301Z Downloading langsmith-0.4.37-py3-none-any.whl (396 kB)
smoke	Install Python deps	2025-11-10T18:36:24.4010025Z Downloading packaging-25.0-py3-none-any.whl (66 kB)
smoke	Install Python deps	2025-11-10T18:36:24.4070325Z Downloading pyyaml-6.0.3-cp312-cp312-manylinux2014_x86_64.manylinux_2_17_x86_64.manylinux_2_28_x86_64.whl (807 kB)
smoke	Install Python deps	2025-11-10T18:36:24.4150806Z    ━━━━━━━━━━━━━━━━━━━━━━━━━━━━━━━━━━━━━━━━ 807.9/807.9 kB 108.3 MB/s  0:00:00
smoke	Install Python deps	2025-11-10T18:36:24.4188778Z Downloading tenacity-9.1.2-py3-none-any.whl (28 kB)
smoke	Install Python deps	2025-11-10T18:36:24.4255148Z Downloading typing_extensions-4.15.0-py3-none-any.whl (44 kB)
smoke	Install Python deps	2025-11-10T18:36:24.4335221Z Downloading langgraph-0.6.10-py3-none-any.whl (155 kB)
smoke	Install Python deps	2025-11-10T18:36:24.4404582Z Downloading langgraph_checkpoint-2.1.2-py3-none-any.whl (45 kB)
smoke	Install Python deps	2025-11-10T18:36:24.4476454Z Downloading langgraph_prebuilt-0.6.4-py3-none-any.whl (28 kB)
smoke	Install Python deps	2025-11-10T18:36:24.4534322Z Downloading langgraph_sdk-0.2.9-py3-none-any.whl (56 kB)
smoke	Install Python deps	2025-11-10T18:36:24.4607101Z Downloading langgraph_checkpoint_sqlite-2.0.11-py3-none-any.whl (31 kB)
smoke	Install Python deps	2025-11-10T18:36:24.4666492Z Downloading mako-1.3.10-py3-none-any.whl (78 kB)
smoke	Install Python deps	2025-11-10T18:36:24.4794940Z Downloading markupsafe-3.0.3-cp312-cp312-manylinux2014_x86_64.manylinux_2_17_x86_64.manylinux_2_28_x86_64.whl (22 kB)
smoke	Install Python deps	2025-11-10T18:36:24.4855416Z Downloading orjson-3.11.3-cp312-cp312-manylinux_2_17_x86_64.manylinux2014_x86_64.whl (132 kB)
smoke	Install Python deps	2025-11-10T18:36:24.4950773Z Downloading ormsgpack-1.11.0-cp312-cp312-manylinux_2_17_x86_64.manylinux2014_x86_64.whl (207 kB)
smoke	Install Python deps	2025-11-10T18:36:24.5011423Z Downloading pluggy-1.6.0-py3-none-any.whl (20 kB)
smoke	Install Python deps	2025-11-10T18:36:24.5065733Z Downloading psycopg-3.2.10-py3-none-any.whl (206 kB)
smoke	Install Python deps	2025-11-10T18:36:24.5150442Z Downloading pydantic_settings-2.6.1-py3-none-any.whl (28 kB)
smoke	Install Python deps	2025-11-10T18:36:24.5262786Z Downloading pydantic_core-2.41.1-cp312-cp312-manylinux_2_17_x86_64.manylinux2014_x86_64.whl (2.1 MB)
smoke	Install Python deps	2025-11-10T18:36:24.5395940Z    ━━━━━━━━━━━━━━━━━━━━━━━━━━━━━━━━━━━━━━━━ 2.1/2.1 MB 182.2 MB/s  0:00:00
smoke	Install Python deps	2025-11-10T18:36:24.5432488Z Downloading pytest-8.3.3-py3-none-any.whl (342 kB)
smoke	Install Python deps	2025-11-10T18:36:24.5518144Z Downloading pytest_cov-5.0.0-py3-none-any.whl (21 kB)
smoke	Install Python deps	2025-11-10T18:36:24.5589243Z Downloading python_dotenv-1.1.1-py3-none-any.whl (20 kB)
smoke	Install Python deps	2025-11-10T18:36:24.5659559Z Downloading requests_toolbelt-1.0.0-py2.py3-none-any.whl (54 kB)
smoke	Install Python deps	2025-11-10T18:36:24.5725958Z Downloading sniffio-1.3.1-py3-none-any.whl (10 kB)
smoke	Install Python deps	2025-11-10T18:36:24.5840819Z Downloading SQLAlchemy-2.0.36-cp312-cp312-manylinux_2_17_x86_64.manylinux2014_x86_64.whl (3.2 MB)
smoke	Install Python deps	2025-11-10T18:36:24.6082139Z    ━━━━━━━━━━━━━━━━━━━━━━━━━━━━━━━━━━━━━━━━ 3.2/3.2 MB 144.8 MB/s  0:00:00
smoke	Install Python deps	2025-11-10T18:36:24.6150503Z Downloading sqlite_vec-0.1.6-py3-none-manylinux_2_17_x86_64.manylinux2014_x86_64.manylinux1_x86_64.whl (151 kB)
smoke	Install Python deps	2025-11-10T18:36:24.6221090Z Downloading typing_inspection-0.4.2-py3-none-any.whl (14 kB)
smoke	Install Python deps	2025-11-10T18:36:24.6284638Z Downloading uvicorn-0.37.0-py3-none-any.whl (67 kB)
smoke	Install Python deps	2025-11-10T18:36:24.6342890Z Downloading uvloop-0.21.0-cp312-cp312-manylinux_2_17_x86_64.manylinux2014_x86_64.whl (4.7 MB)
smoke	Install Python deps	2025-11-10T18:36:24.6835324Z    ━━━━━━━━━━━━━━━━━━━━━━━━━━━━━━━━━━━━━━━━ 4.7/4.7 MB 98.5 MB/s  0:00:00
smoke	Install Python deps	2025-11-10T18:36:24.6892874Z Downloading watchfiles-1.1.1-cp312-cp312-manylinux_2_17_x86_64.manylinux2014_x86_64.whl (456 kB)
smoke	Install Python deps	2025-11-10T18:36:24.6975742Z Downloading websockets-15.0.1-cp312-cp312-manylinux_2_5_x86_64.manylinux1_x86_64.manylinux_2_17_x86_64.manylinux2014_x86_64.whl (182 kB)
smoke	Install Python deps	2025-11-10T18:36:24.7041727Z Downloading xxhash-3.6.0-cp312-cp312-manylinux2014_x86_64.manylinux_2_17_x86_64.manylinux_2_28_x86_64.whl (193 kB)
smoke	Install Python deps	2025-11-10T18:36:24.7112931Z Downloading zstandard-0.25.0-cp312-cp312-manylinux2014_x86_64.manylinux_2_17_x86_64.whl (5.5 MB)
smoke	Install Python deps	2025-11-10T18:36:24.7432334Z    ━━━━━━━━━━━━━━━━━━━━━━━━━━━━━━━━━━━━━━━━ 5.5/5.5 MB 185.4 MB/s  0:00:00
smoke	Install Python deps	2025-11-10T18:36:24.7471561Z Downloading slowapi-0.1.9-py3-none-any.whl (14 kB)
smoke	Install Python deps	2025-11-10T18:36:24.7537987Z Downloading redis-6.4.0-py3-none-any.whl (279 kB)
smoke	Install Python deps	2025-11-10T18:36:24.7627800Z Downloading limits-5.6.0-py3-none-any.whl (60 kB)
smoke	Install Python deps	2025-11-10T18:36:24.7681540Z Downloading prometheus_fastapi_instrumentator-7.1.0-py3-none-any.whl (19 kB)
smoke	Install Python deps	2025-11-10T18:36:24.7736409Z Downloading prometheus_client-0.23.1-py3-none-any.whl (61 kB)
smoke	Install Python deps	2025-11-10T18:36:24.7843599Z Downloading psycopg_binary-3.2.10-cp312-cp312-manylinux2014_x86_64.manylinux_2_17_x86_64.whl (4.4 MB)
smoke	Install Python deps	2025-11-10T18:36:24.8150097Z    ━━━━━━━━━━━━━━━━━━━━━━━━━━━━━━━━━━━━━━━━ 4.4/4.4 MB 150.0 MB/s  0:00:00
smoke	Install Python deps	2025-11-10T18:36:24.8215824Z Downloading av-12.3.0-cp312-cp312-manylinux_2_17_x86_64.manylinux2014_x86_64.whl (34.7 MB)
smoke	Install Python deps	2025-11-10T18:36:25.0461751Z    ━━━━━━━━━━━━━━━━━━━━━━━━━━━━━━━━━━━━━━━━ 34.7/34.7 MB 155.7 MB/s  0:00:00
smoke	Install Python deps	2025-11-10T18:36:25.0539450Z Downloading ctranslate2-4.6.1-cp312-cp312-manylinux2014_x86_64.manylinux_2_17_x86_64.whl (38.0 MB)
smoke	Install Python deps	2025-11-10T18:36:25.2679402Z    ━━━━━━━━━━━━━━━━━━━━━━━━━━━━━━━━━━━━━━━━ 38.0/38.0 MB 179.3 MB/s  0:00:00
smoke	Install Python deps	2025-11-10T18:36:25.2768863Z Downloading onnxruntime-1.23.2-cp312-cp312-manylinux_2_27_x86_64.manylinux_2_28_x86_64.whl (17.4 MB)
smoke	Install Python deps	2025-11-10T18:36:25.4276087Z    ━━━━━━━━━━━━━━━━━━━━━━━━━━━━━━━━━━━━━━━━ 17.4/17.4 MB 115.7 MB/s  0:00:00
smoke	Install Python deps	2025-11-10T18:36:25.4320994Z Downloading tokenizers-0.22.1-cp39-abi3-manylinux_2_17_x86_64.manylinux2014_x86_64.whl (3.3 MB)
smoke	Install Python deps	2025-11-10T18:36:25.4500827Z    ━━━━━━━━━━━━━━━━━━━━━━━━━━━━━━━━━━━━━━━━ 3.3/3.3 MB 199.8 MB/s  0:00:00
smoke	Install Python deps	2025-11-10T18:36:25.4540711Z Downloading huggingface_hub-1.1.2-py3-none-any.whl (514 kB)
smoke	Install Python deps	2025-11-10T18:36:25.4622922Z Downloading hf_xet-1.2.0-cp37-abi3-manylinux_2_17_x86_64.manylinux2014_x86_64.whl (3.3 MB)
smoke	Install Python deps	2025-11-10T18:36:25.4823947Z    ━━━━━━━━━━━━━━━━━━━━━━━━━━━━━━━━━━━━━━━━ 3.3/3.3 MB 178.2 MB/s  0:00:00
smoke	Install Python deps	2025-11-10T18:36:25.4860623Z Downloading attrs-25.4.0-py3-none-any.whl (67 kB)
smoke	Install Python deps	2025-11-10T18:36:25.4925016Z Downloading deprecated-1.3.1-py2.py3-none-any.whl (11 kB)
smoke	Install Python deps	2025-11-10T18:36:25.5007265Z Downloading wrapt-2.0.1-cp312-cp312-manylinux1_x86_64.manylinux_2_28_x86_64.manylinux_2_5_x86_64.whl (121 kB)
smoke	Install Python deps	2025-11-10T18:36:25.5080767Z Downloading fsspec-2025.10.0-py3-none-any.whl (200 kB)
smoke	Install Python deps	2025-11-10T18:36:25.5195180Z Downloading greenlet-3.2.4-cp312-cp312-manylinux_2_24_x86_64.manylinux_2_28_x86_64.whl (607 kB)
smoke	Install Python deps	2025-11-10T18:36:25.5263148Z    ━━━━━━━━━━━━━━━━━━━━━━━━━━━━━━━━━━━━━━━━ 607.6/607.6 kB 85.1 MB/s  0:00:00
smoke	Install Python deps	2025-11-10T18:36:25.5301076Z Downloading jsonschema_specifications-2025.9.1-py3-none-any.whl (18 kB)
smoke	Install Python deps	2025-11-10T18:36:25.5360928Z Downloading referencing-0.37.0-py3-none-any.whl (26 kB)
smoke	Install Python deps	2025-11-10T18:36:25.5422520Z Downloading rpds_py-0.28.0-cp312-cp312-manylinux_2_17_x86_64.manylinux2014_x86_64.whl (386 kB)
smoke	Install Python deps	2025-11-10T18:36:25.5499888Z Downloading brotli-1.2.0-cp312-cp312-manylinux2014_x86_64.manylinux_2_17_x86_64.whl (1.4 MB)
smoke	Install Python deps	2025-11-10T18:36:25.5721031Z    ━━━━━━━━━━━━━━━━━━━━━━━━━━━━━━━━━━━━━━━━ 1.4/1.4 MB 94.5 MB/s  0:00:00
smoke	Install Python deps	2025-11-10T18:36:25.5755499Z Downloading coloredlogs-15.0.1-py2.py3-none-any.whl (46 kB)
smoke	Install Python deps	2025-11-10T18:36:25.5829930Z Downloading humanfriendly-10.0-py2.py3-none-any.whl (86 kB)
smoke	Install Python deps	2025-11-10T18:36:25.5889056Z Downloading filelock-3.20.0-py3-none-any.whl (16 kB)
smoke	Install Python deps	2025-11-10T18:36:25.5945297Z Downloading flatbuffers-25.9.23-py2.py3-none-any.whl (30 kB)
smoke	Install Python deps	2025-11-10T18:36:25.6047288Z Downloading mutagen-1.47.0-py3-none-any.whl (194 kB)
smoke	Install Python deps	2025-11-10T18:36:25.6116585Z Downloading protobuf-6.33.0-cp39-abi3-manylinux2014_x86_64.whl (323 kB)
smoke	Install Python deps	2025-11-10T18:36:25.6191790Z Downloading pycryptodomex-3.23.0-cp37-abi3-manylinux_2_17_x86_64.manylinux2014_x86_64.whl (2.3 MB)
smoke	Install Python deps	2025-11-10T18:36:25.6327058Z    ━━━━━━━━━━━━━━━━━━━━━━━━━━━━━━━━━━━━━━━━ 2.3/2.3 MB 185.0 MB/s  0:00:00
smoke	Install Python deps	2025-11-10T18:36:25.6365763Z Downloading setuptools-80.9.0-py3-none-any.whl (1.2 MB)
smoke	Install Python deps	2025-11-10T18:36:25.6457001Z    ━━━━━━━━━━━━━━━━━━━━━━━━━━━━━━━━━━━━━━━━ 1.2/1.2 MB 150.1 MB/s  0:00:00
smoke	Install Python deps	2025-11-10T18:36:25.6493283Z Downloading shellingham-1.5.4-py2.py3-none-any.whl (9.8 kB)
smoke	Install Python deps	2025-11-10T18:36:25.6548388Z Downloading sympy-1.14.0-py3-none-any.whl (6.3 MB)
smoke	Install Python deps	2025-11-10T18:36:25.6841032Z    ━━━━━━━━━━━━━━━━━━━━━━━━━━━━━━━━━━━━━━━━ 6.3/6.3 MB 227.6 MB/s  0:00:00
smoke	Install Python deps	2025-11-10T18:36:25.6884725Z Downloading mpmath-1.3.0-py3-none-any.whl (536 kB)
smoke	Install Python deps	2025-11-10T18:36:25.6949962Z    ━━━━━━━━━━━━━━━━━━━━━━━━━━━━━━━━━━━━━━━━ 536.2/536.2 kB 73.0 MB/s  0:00:00
smoke	Install Python deps	2025-11-10T18:36:25.6986797Z Downloading typer_slim-0.20.0-py3-none-any.whl (47 kB)
smoke	Install Python deps	2025-11-10T18:36:26.1135285Z Installing collected packages: sqlite-vec, mpmath, flatbuffers, brotli, zstandard, xxhash, wrapt, websockets, uvloop, urllib3, typing_extensions, tqdm, tenacity, sympy, sniffio, shellingham, setuptools, rpds-py, redis, rapidfuzz, PyYAML, python-dotenv, pycryptodomex, psycopg-binary, protobuf, prometheus-client, pluggy, packaging, ormsgpack, orjson, numpy, mutagen, MarkupSafe, jsonpointer, iniconfig, idna, humanfriendly, httptools, hf-xet, h11, greenlet, fsspec, filelock, duckdb, debugpy, coverage, click, charset-normalizer, certifi, av, attrs, annotated-types, uvicorn, typing-inspection, typer-slim, SQLAlchemy, requests, referencing, rank-bm25, pytest, pydantic_core, psycopg, Mako, jsonpatch, httpcore, deprecated, ctranslate2, coloredlogs, anyio, aiosqlite, yt-dlp, watchfiles, starlette, requests-toolbelt, pytest-cov, pydantic, onnxruntime, limits, jsonschema-specifications, httpx, alembic, slowapi, pydantic-settings, prometheus-fastapi-instrumentator, langsmith, langgraph-sdk, jsonschema, huggingface-hub, fastapi, tokenizers, langchain-core, langgraph-checkpoint, faster-whisper, langgraph-prebuilt, langgraph-checkpoint-sqlite, langgraph
smoke	Install Python deps	2025-11-10T18:36:48.4893292Z 
smoke	Install Python deps	2025-11-10T18:36:48.4985700Z Successfully installed Mako-1.3.10 MarkupSafe-3.0.3 PyYAML-6.0.3 SQLAlchemy-2.0.36 aiosqlite-0.21.0 alembic-1.13.2 annotated-types-0.7.0 anyio-4.11.0 attrs-25.4.0 av-12.3.0 brotli-1.2.0 certifi-2025.10.5 charset-normalizer-3.4.4 click-8.1.7 coloredlogs-15.0.1 coverage-7.11.0 ctranslate2-4.6.1 debugpy-1.8.17 deprecated-1.3.1 duckdb-1.4.1 fastapi-0.119.0 faster-whisper-1.0.3 filelock-3.20.0 flatbuffers-25.9.23 fsspec-2025.10.0 greenlet-3.2.4 h11-0.16.0 hf-xet-1.2.0 httpcore-1.0.9 httptools-0.7.1 httpx-0.27.2 huggingface-hub-1.1.2 humanfriendly-10.0 idna-3.11 iniconfig-2.1.0 jsonpatch-1.33 jsonpointer-3.0.0 jsonschema-4.23.0 jsonschema-specifications-2025.9.1 langchain-core-1.0.0 langgraph-0.6.10 langgraph-checkpoint-2.1.2 langgraph-checkpoint-sqlite-2.0.11 langgraph-prebuilt-0.6.4 langgraph-sdk-0.2.9 langsmith-0.4.37 limits-5.6.0 mpmath-1.3.0 mutagen-1.47.0 numpy-1.26.4 onnxruntime-1.23.2 orjson-3.11.3 ormsgpack-1.11.0 packaging-25.0 pluggy-1.6.0 prometheus-client-0.23.1 prometheus-fastapi-instrumentator-7.1.0 protobuf-6.33.0 psycopg-3.2.10 psycopg-binary-3.2.10 pycryptodomex-3.23.0 pydantic-2.12.0 pydantic-settings-2.6.1 pydantic_core-2.41.1 pytest-8.3.3 pytest-cov-5.0.0 python-dotenv-1.1.1 rank-bm25-0.2.2 rapidfuzz-3.9.6 redis-6.4.0 referencing-0.37.0 requests-2.32.5 requests-toolbelt-1.0.0 rpds-py-0.28.0 setuptools-80.9.0 shellingham-1.5.4 slowapi-0.1.9 sniffio-1.3.1 sqlite-vec-0.1.6 starlette-0.48.0 sympy-1.14.0 tenacity-9.1.2 tokenizers-0.22.1 tqdm-4.66.4 typer-slim-0.20.0 typing-inspection-0.4.2 typing_extensions-4.15.0 urllib3-2.5.0 uvicorn-0.37.0 uvloop-0.21.0 watchfiles-1.1.1 websockets-15.0.1 wrapt-2.0.1 xxhash-3.6.0 yt-dlp-2024.8.6 zstandard-0.25.0
smoke	Install Python deps	2025-11-10T18:36:50.4375277Z Obtaining file:///home/runner/work/agentic-pkm-mvp/agentic-pkm-mvp
smoke	Install Python deps	2025-11-10T18:36:50.4394787Z   Installing build dependencies: started
smoke	Install Python deps	2025-11-10T18:36:51.8791513Z   Installing build dependencies: finished with status 'done'
smoke	Install Python deps	2025-11-10T18:36:51.8797871Z   Checking if build backend supports build_editable: started
smoke	Install Python deps	2025-11-10T18:36:52.3961387Z   Checking if build backend supports build_editable: finished with status 'done'
smoke	Install Python deps	2025-11-10T18:36:52.3970014Z   Getting requirements to build editable: started
smoke	Install Python deps	2025-11-10T18:36:52.7803466Z   Getting requirements to build editable: finished with status 'done'
smoke	Install Python deps	2025-11-10T18:36:52.7812697Z   Preparing editable metadata (pyproject.toml): started
smoke	Install Python deps	2025-11-10T18:36:52.9993969Z   Preparing editable metadata (pyproject.toml): finished with status 'done'
smoke	Install Python deps	2025-11-10T18:36:53.0073059Z Requirement already satisfied: click<9,>=8.1 in /opt/hostedtoolcache/Python/3.12.12/x64/lib/python3.12/site-packages (from workspace-agentic-ai==0.1.0) (8.1.7)
smoke	Install Python deps	2025-11-10T18:36:53.0079276Z Requirement already satisfied: faster-whisper>=1.0.0 in /opt/hostedtoolcache/Python/3.12.12/x64/lib/python3.12/site-packages (from workspace-agentic-ai==0.1.0) (1.0.3)
smoke	Install Python deps	2025-11-10T18:36:53.0083972Z Requirement already satisfied: yt-dlp>=2024.7.2 in /opt/hostedtoolcache/Python/3.12.12/x64/lib/python3.12/site-packages (from workspace-agentic-ai==0.1.0) (2024.8.6)
smoke	Install Python deps	2025-11-10T18:36:53.0091005Z Requirement already satisfied: rank-bm25>=0.2.2 in /opt/hostedtoolcache/Python/3.12.12/x64/lib/python3.12/site-packages (from workspace-agentic-ai==0.1.0) (0.2.2)
smoke	Install Python deps	2025-11-10T18:36:53.0095286Z Requirement already satisfied: numpy>=1.26 in /opt/hostedtoolcache/Python/3.12.12/x64/lib/python3.12/site-packages (from workspace-agentic-ai==0.1.0) (1.26.4)
smoke	Install Python deps	2025-11-10T18:36:53.0101563Z Requirement already satisfied: tqdm>=4.66 in /opt/hostedtoolcache/Python/3.12.12/x64/lib/python3.12/site-packages (from workspace-agentic-ai==0.1.0) (4.66.4)
smoke	Install Python deps	2025-11-10T18:36:53.0107081Z Requirement already satisfied: httpx>=0.27 in /opt/hostedtoolcache/Python/3.12.12/x64/lib/python3.12/site-packages (from workspace-agentic-ai==0.1.0) (0.27.2)
smoke	Install Python deps	2025-11-10T18:36:53.0111953Z Requirement already satisfied: pydantic>=2.7 in /opt/hostedtoolcache/Python/3.12.12/x64/lib/python3.12/site-packages (from workspace-agentic-ai==0.1.0) (2.12.0)
smoke	Install Python deps	2025-11-10T18:36:53.0117604Z Requirement already satisfied: rapidfuzz>=3.0 in /opt/hostedtoolcache/Python/3.12.12/x64/lib/python3.12/site-packages (from workspace-agentic-ai==0.1.0) (3.9.6)
smoke	Install Python deps	2025-11-10T18:36:53.0121792Z Requirement already satisfied: orjson>=3.9 in /opt/hostedtoolcache/Python/3.12.12/x64/lib/python3.12/site-packages (from workspace-agentic-ai==0.1.0) (3.11.3)
smoke	Install Python deps	2025-11-10T18:36:53.0141586Z Requirement already satisfied: pytest>=8.0 in /opt/hostedtoolcache/Python/3.12.12/x64/lib/python3.12/site-packages (from workspace-agentic-ai==0.1.0) (8.3.3)
smoke	Install Python deps	2025-11-10T18:36:53.4521412Z Collecting ruff>=0.5 (from workspace-agentic-ai==0.1.0)
smoke	Install Python deps	2025-11-10T18:36:53.5082645Z   Downloading ruff-0.14.4-py3-none-manylinux_2_17_x86_64.manylinux2014_x86_64.whl.metadata (25 kB)
smoke	Install Python deps	2025-11-10T18:36:53.6181981Z Collecting mypy>=1.9 (from workspace-agentic-ai==0.1.0)
smoke	Install Python deps	2025-11-10T18:36:53.6224176Z   Downloading mypy-1.18.2-cp312-cp312-manylinux2014_x86_64.manylinux_2_17_x86_64.manylinux_2_28_x86_64.whl.metadata (2.2 kB)
smoke	Install Python deps	2025-11-10T18:36:53.6293414Z Requirement already satisfied: av<13,>=11.0 in /opt/hostedtoolcache/Python/3.12.12/x64/lib/python3.12/site-packages (from faster-whisper>=1.0.0->workspace-agentic-ai==0.1.0) (12.3.0)
smoke	Install Python deps	2025-11-10T18:36:53.6301935Z Requirement already satisfied: ctranslate2<5,>=4.0 in /opt/hostedtoolcache/Python/3.12.12/x64/lib/python3.12/site-packages (from faster-whisper>=1.0.0->workspace-agentic-ai==0.1.0) (4.6.1)
smoke	Install Python deps	2025-11-10T18:36:53.6308717Z Requirement already satisfied: huggingface-hub>=0.13 in /opt/hostedtoolcache/Python/3.12.12/x64/lib/python3.12/site-packages (from faster-whisper>=1.0.0->workspace-agentic-ai==0.1.0) (1.1.2)
smoke	Install Python deps	2025-11-10T18:36:53.6317199Z Requirement already satisfied: tokenizers<1,>=0.13 in /opt/hostedtoolcache/Python/3.12.12/x64/lib/python3.12/site-packages (from faster-whisper>=1.0.0->workspace-agentic-ai==0.1.0) (0.22.1)
smoke	Install Python deps	2025-11-10T18:36:53.6325255Z Requirement already satisfied: onnxruntime<2,>=1.14 in /opt/hostedtoolcache/Python/3.12.12/x64/lib/python3.12/site-packages (from faster-whisper>=1.0.0->workspace-agentic-ai==0.1.0) (1.23.2)
smoke	Install Python deps	2025-11-10T18:36:53.6350044Z Requirement already satisfied: setuptools in /opt/hostedtoolcache/Python/3.12.12/x64/lib/python3.12/site-packages (from ctranslate2<5,>=4.0->faster-whisper>=1.0.0->workspace-agentic-ai==0.1.0) (80.9.0)
smoke	Install Python deps	2025-11-10T18:36:53.6357520Z Requirement already satisfied: pyyaml<7,>=5.3 in /opt/hostedtoolcache/Python/3.12.12/x64/lib/python3.12/site-packages (from ctranslate2<5,>=4.0->faster-whisper>=1.0.0->workspace-agentic-ai==0.1.0) (6.0.3)
smoke	Install Python deps	2025-11-10T18:36:53.6370647Z Requirement already satisfied: coloredlogs in /opt/hostedtoolcache/Python/3.12.12/x64/lib/python3.12/site-packages (from onnxruntime<2,>=1.14->faster-whisper>=1.0.0->workspace-agentic-ai==0.1.0) (15.0.1)
smoke	Install Python deps	2025-11-10T18:36:53.6375211Z Requirement already satisfied: flatbuffers in /opt/hostedtoolcache/Python/3.12.12/x64/lib/python3.12/site-packages (from onnxruntime<2,>=1.14->faster-whisper>=1.0.0->workspace-agentic-ai==0.1.0) (25.9.23)
smoke	Install Python deps	2025-11-10T18:36:53.6383138Z Requirement already satisfied: packaging in /opt/hostedtoolcache/Python/3.12.12/x64/lib/python3.12/site-packages (from onnxruntime<2,>=1.14->faster-whisper>=1.0.0->workspace-agentic-ai==0.1.0) (25.0)
smoke	Install Python deps	2025-11-10T18:36:53.6387872Z Requirement already satisfied: protobuf in /opt/hostedtoolcache/Python/3.12.12/x64/lib/python3.12/site-packages (from onnxruntime<2,>=1.14->faster-whisper>=1.0.0->workspace-agentic-ai==0.1.0) (6.33.0)
smoke	Install Python deps	2025-11-10T18:36:53.6393463Z Requirement already satisfied: sympy in /opt/hostedtoolcache/Python/3.12.12/x64/lib/python3.12/site-packages (from onnxruntime<2,>=1.14->faster-whisper>=1.0.0->workspace-agentic-ai==0.1.0) (1.14.0)
smoke	Install Python deps	2025-11-10T18:36:53.6437079Z Requirement already satisfied: filelock in /opt/hostedtoolcache/Python/3.12.12/x64/lib/python3.12/site-packages (from huggingface-hub>=0.13->faster-whisper>=1.0.0->workspace-agentic-ai==0.1.0) (3.20.0)
smoke	Install Python deps	2025-11-10T18:36:53.6443944Z Requirement already satisfied: fsspec>=2023.5.0 in /opt/hostedtoolcache/Python/3.12.12/x64/lib/python3.12/site-packages (from huggingface-hub>=0.13->faster-whisper>=1.0.0->workspace-agentic-ai==0.1.0) (2025.10.0)
smoke	Install Python deps	2025-11-10T18:36:53.6455440Z Requirement already satisfied: hf-xet<2.0.0,>=1.2.0 in /opt/hostedtoolcache/Python/3.12.12/x64/lib/python3.12/site-packages (from huggingface-hub>=0.13->faster-whisper>=1.0.0->workspace-agentic-ai==0.1.0) (1.2.0)
smoke	Install Python deps	2025-11-10T18:36:53.6467460Z Requirement already satisfied: shellingham in /opt/hostedtoolcache/Python/3.12.12/x64/lib/python3.12/site-packages (from huggingface-hub>=0.13->faster-whisper>=1.0.0->workspace-agentic-ai==0.1.0) (1.5.4)
smoke	Install Python deps	2025-11-10T18:36:53.6474500Z Requirement already satisfied: typer-slim in /opt/hostedtoolcache/Python/3.12.12/x64/lib/python3.12/site-packages (from huggingface-hub>=0.13->faster-whisper>=1.0.0->workspace-agentic-ai==0.1.0) (0.20.0)
smoke	Install Python deps	2025-11-10T18:36:53.6487482Z Requirement already satisfied: typing-extensions>=3.7.4.3 in /opt/hostedtoolcache/Python/3.12.12/x64/lib/python3.12/site-packages (from huggingface-hub>=0.13->faster-whisper>=1.0.0->workspace-agentic-ai==0.1.0) (4.15.0)
smoke	Install Python deps	2025-11-10T18:36:53.6591027Z Requirement already satisfied: anyio in /opt/hostedtoolcache/Python/3.12.12/x64/lib/python3.12/site-packages (from httpx>=0.27->workspace-agentic-ai==0.1.0) (4.11.0)
smoke	Install Python deps	2025-11-10T18:36:53.6596144Z Requirement already satisfied: certifi in /opt/hostedtoolcache/Python/3.12.12/x64/lib/python3.12/site-packages (from httpx>=0.27->workspace-agentic-ai==0.1.0) (2025.10.5)
smoke	Install Python deps	2025-11-10T18:36:53.6602172Z Requirement already satisfied: httpcore==1.* in /opt/hostedtoolcache/Python/3.12.12/x64/lib/python3.12/site-packages (from httpx>=0.27->workspace-agentic-ai==0.1.0) (1.0.9)
smoke	Install Python deps	2025-11-10T18:36:53.6607663Z Requirement already satisfied: idna in /opt/hostedtoolcache/Python/3.12.12/x64/lib/python3.12/site-packages (from httpx>=0.27->workspace-agentic-ai==0.1.0) (3.11)
smoke	Install Python deps	2025-11-10T18:36:53.6611647Z Requirement already satisfied: sniffio in /opt/hostedtoolcache/Python/3.12.12/x64/lib/python3.12/site-packages (from httpx>=0.27->workspace-agentic-ai==0.1.0) (1.3.1)
smoke	Install Python deps	2025-11-10T18:36:53.6640907Z Requirement already satisfied: h11>=0.16 in /opt/hostedtoolcache/Python/3.12.12/x64/lib/python3.12/site-packages (from httpcore==1.*->httpx>=0.27->workspace-agentic-ai==0.1.0) (0.16.0)
smoke	Install Python deps	2025-11-10T18:36:53.6831784Z Collecting mypy_extensions>=1.0.0 (from mypy>=1.9->workspace-agentic-ai==0.1.0)
smoke	Install Python deps	2025-11-10T18:36:53.6867255Z   Downloading mypy_extensions-1.1.0-py3-none-any.whl.metadata (1.1 kB)
smoke	Install Python deps	2025-11-10T18:36:53.6999017Z Collecting pathspec>=0.9.0 (from mypy>=1.9->workspace-agentic-ai==0.1.0)
smoke	Install Python deps	2025-11-10T18:36:53.7036849Z   Downloading pathspec-0.12.1-py3-none-any.whl.metadata (21 kB)
smoke	Install Python deps	2025-11-10T18:36:53.7179829Z Requirement already satisfied: annotated-types>=0.6.0 in /opt/hostedtoolcache/Python/3.12.12/x64/lib/python3.12/site-packages (from pydantic>=2.7->workspace-agentic-ai==0.1.0) (0.7.0)
smoke	Install Python deps	2025-11-10T18:36:53.7186982Z Requirement already satisfied: pydantic-core==2.41.1 in /opt/hostedtoolcache/Python/3.12.12/x64/lib/python3.12/site-packages (from pydantic>=2.7->workspace-agentic-ai==0.1.0) (2.41.1)
smoke	Install Python deps	2025-11-10T18:36:53.7195060Z Requirement already satisfied: typing-inspection>=0.4.2 in /opt/hostedtoolcache/Python/3.12.12/x64/lib/python3.12/site-packages (from pydantic>=2.7->workspace-agentic-ai==0.1.0) (0.4.2)
smoke	Install Python deps	2025-11-10T18:36:53.7234971Z Requirement already satisfied: iniconfig in /opt/hostedtoolcache/Python/3.12.12/x64/lib/python3.12/site-packages (from pytest>=8.0->workspace-agentic-ai==0.1.0) (2.1.0)
smoke	Install Python deps	2025-11-10T18:36:53.7243381Z Requirement already satisfied: pluggy<2,>=1.5 in /opt/hostedtoolcache/Python/3.12.12/x64/lib/python3.12/site-packages (from pytest>=8.0->workspace-agentic-ai==0.1.0) (1.6.0)
smoke	Install Python deps	2025-11-10T18:36:53.7381857Z Requirement already satisfied: brotli in /opt/hostedtoolcache/Python/3.12.12/x64/lib/python3.12/site-packages (from yt-dlp>=2024.7.2->workspace-agentic-ai==0.1.0) (1.2.0)
smoke	Install Python deps	2025-11-10T18:36:53.7387769Z Requirement already satisfied: mutagen in /opt/hostedtoolcache/Python/3.12.12/x64/lib/python3.12/site-packages (from yt-dlp>=2024.7.2->workspace-agentic-ai==0.1.0) (1.47.0)
smoke	Install Python deps	2025-11-10T18:36:53.7393718Z Requirement already satisfied: pycryptodomex in /opt/hostedtoolcache/Python/3.12.12/x64/lib/python3.12/site-packages (from yt-dlp>=2024.7.2->workspace-agentic-ai==0.1.0) (3.23.0)
smoke	Install Python deps	2025-11-10T18:36:53.7399843Z Requirement already satisfied: requests<3,>=2.32.2 in /opt/hostedtoolcache/Python/3.12.12/x64/lib/python3.12/site-packages (from yt-dlp>=2024.7.2->workspace-agentic-ai==0.1.0) (2.32.5)
smoke	Install Python deps	2025-11-10T18:36:53.7407435Z Requirement already satisfied: urllib3<3,>=1.26.17 in /opt/hostedtoolcache/Python/3.12.12/x64/lib/python3.12/site-packages (from yt-dlp>=2024.7.2->workspace-agentic-ai==0.1.0) (2.5.0)
smoke	Install Python deps	2025-11-10T18:36:53.7412479Z Requirement already satisfied: websockets>=12.0 in /opt/hostedtoolcache/Python/3.12.12/x64/lib/python3.12/site-packages (from yt-dlp>=2024.7.2->workspace-agentic-ai==0.1.0) (15.0.1)
smoke	Install Python deps	2025-11-10T18:36:53.7450274Z Requirement already satisfied: charset_normalizer<4,>=2 in /opt/hostedtoolcache/Python/3.12.12/x64/lib/python3.12/site-packages (from requests<3,>=2.32.2->yt-dlp>=2024.7.2->workspace-agentic-ai==0.1.0) (3.4.4)
smoke	Install Python deps	2025-11-10T18:36:53.7601511Z Requirement already satisfied: humanfriendly>=9.1 in /opt/hostedtoolcache/Python/3.12.12/x64/lib/python3.12/site-packages (from coloredlogs->onnxruntime<2,>=1.14->faster-whisper>=1.0.0->workspace-agentic-ai==0.1.0) (10.0)
smoke	Install Python deps	2025-11-10T18:36:53.7779180Z Requirement already satisfied: mpmath<1.4,>=1.1.0 in /opt/hostedtoolcache/Python/3.12.12/x64/lib/python3.12/site-packages (from sympy->onnxruntime<2,>=1.14->faster-whisper>=1.0.0->workspace-agentic-ai==0.1.0) (1.3.0)
smoke	Install Python deps	2025-11-10T18:36:53.7883206Z Downloading mypy-1.18.2-cp312-cp312-manylinux2014_x86_64.manylinux_2_17_x86_64.manylinux_2_28_x86_64.whl (13.3 MB)
smoke	Install Python deps	2025-11-10T18:36:53.8832071Z    ━━━━━━━━━━━━━━━━━━━━━━━━━━━━━━━━━━━━━━━━ 13.3/13.3 MB 158.2 MB/s  0:00:00
smoke	Install Python deps	2025-11-10T18:36:53.8879992Z Downloading mypy_extensions-1.1.0-py3-none-any.whl (5.0 kB)
smoke	Install Python deps	2025-11-10T18:36:53.8932884Z Downloading pathspec-0.12.1-py3-none-any.whl (31 kB)
smoke	Install Python deps	2025-11-10T18:36:53.8998310Z Downloading ruff-0.14.4-py3-none-manylinux_2_17_x86_64.manylinux2014_x86_64.whl (13.4 MB)
smoke	Install Python deps	2025-11-10T18:36:53.9557720Z    ━━━━━━━━━━━━━━━━━━━━━━━━━━━━━━━━━━━━━━━━ 13.4/13.4 MB 246.7 MB/s  0:00:00
smoke	Install Python deps	2025-11-10T18:36:53.9882739Z Building wheels for collected packages: workspace-agentic-ai
smoke	Install Python deps	2025-11-10T18:36:53.9890580Z   Building editable for workspace-agentic-ai (pyproject.toml): started
smoke	Install Python deps	2025-11-10T18:36:54.3179623Z   Building editable for workspace-agentic-ai (pyproject.toml): finished with status 'done'
smoke	Install Python deps	2025-11-10T18:36:54.3185709Z   Created wheel for workspace-agentic-ai: filename=workspace_agentic_ai-0.1.0-0.editable-py3-none-any.whl size=4327 sha256=14c5bdd2320c7cc482229cda94030dab67249a4d3e86426c282b7f2c7ea57afe
smoke	Install Python deps	2025-11-10T18:36:54.3188122Z   Stored in directory: /tmp/pip-ephem-wheel-cache-h7mfkvej/wheels/dd/f8/45/33a951277182a518fd7b2926e89906cbdd3b0671f0e103a980
smoke	Install Python deps	2025-11-10T18:36:54.3205687Z Successfully built workspace-agentic-ai
smoke	Install Python deps	2025-11-10T18:36:54.4119921Z Installing collected packages: ruff, pathspec, mypy_extensions, mypy, workspace-agentic-ai
smoke	Install Python deps	2025-11-10T18:36:56.0163084Z 
smoke	Install Python deps	2025-11-10T18:36:56.0247852Z Successfully installed mypy-1.18.2 mypy_extensions-1.1.0 pathspec-0.12.1 ruff-0.14.4 workspace-agentic-ai-0.1.0
smoke	Validate docs guardrails	﻿2025-11-10T18:36:56.1474528Z ##[group]Run rg -q '```mermaid' docs/DIAGRAMS.md
smoke	Validate docs guardrails	2025-11-10T18:36:56.1474891Z [36;1mrg -q '```mermaid' docs/DIAGRAMS.md[0m
smoke	Validate docs guardrails	2025-11-10T18:36:56.1475172Z [36;1mrg -q '<!-- DOCS-LINKS:BEGIN -->' README.md[0m
smoke	Validate docs guardrails	2025-11-10T18:36:56.1475458Z [36;1mrg -q '<!-- DOCS-LINKS:END -->' README.md[0m
smoke	Validate docs guardrails	2025-11-10T18:36:56.1475899Z [36;1m! rg -n '\\n' docs/DIAGRAMS.md[0m
smoke	Validate docs guardrails	2025-11-10T18:36:56.1476474Z [36;1m! rg -n '->\|[^|]*\$begin:math:text$[^|]*\$end:math:text$\|' docs/DIAGRAMS.md || true[0m
smoke	Validate docs guardrails	2025-11-10T18:36:56.1510013Z shell: /usr/bin/bash -e {0}
smoke	Validate docs guardrails	2025-11-10T18:36:56.1510235Z env:
smoke	Validate docs guardrails	2025-11-10T18:36:56.1510474Z   pythonLocation: /opt/hostedtoolcache/Python/3.12.12/x64
smoke	Validate docs guardrails	2025-11-10T18:36:56.1510862Z   PKG_CONFIG_PATH: /opt/hostedtoolcache/Python/3.12.12/x64/lib/pkgconfig
smoke	Validate docs guardrails	2025-11-10T18:36:56.1511261Z   Python_ROOT_DIR: /opt/hostedtoolcache/Python/3.12.12/x64
smoke	Validate docs guardrails	2025-11-10T18:36:56.1511604Z   Python2_ROOT_DIR: /opt/hostedtoolcache/Python/3.12.12/x64
smoke	Validate docs guardrails	2025-11-10T18:36:56.1511959Z   Python3_ROOT_DIR: /opt/hostedtoolcache/Python/3.12.12/x64
smoke	Validate docs guardrails	2025-11-10T18:36:56.1512339Z   LD_LIBRARY_PATH: /opt/hostedtoolcache/Python/3.12.12/x64/lib
smoke	Validate docs guardrails	2025-11-10T18:36:56.1512619Z ##[endgroup]
smoke	Validate docs guardrails	2025-11-10T18:36:56.1569689Z /home/runner/work/_temp/063a71f7-4371-48e7-a3bf-4511d24241df.sh: line 1: rg: command not found
smoke	Validate docs guardrails	2025-11-10T18:36:56.1583507Z ##[error]Process completed with exit code 127.
smoke	Post Run actions/checkout@v4	﻿2025-11-10T18:36:56.1691772Z Post job cleanup.
smoke	Post Run actions/checkout@v4	2025-11-10T18:36:56.2662653Z [command]/usr/bin/git version
smoke	Post Run actions/checkout@v4	2025-11-10T18:36:56.2705824Z git version 2.51.2
smoke	Post Run actions/checkout@v4	2025-11-10T18:36:56.2764491Z Temporarily overriding HOME='/home/runner/work/_temp/5e7475fc-7830-43ca-8922-e44f9b88f064' before making global git config changes
smoke	Post Run actions/checkout@v4	2025-11-10T18:36:56.2767369Z Adding repository directory to the temporary git global config as a safe directory
smoke	Post Run actions/checkout@v4	2025-11-10T18:36:56.2771101Z [command]/usr/bin/git config --global --add safe.directory /home/runner/work/agentic-pkm-mvp/agentic-pkm-mvp
smoke	Post Run actions/checkout@v4	2025-11-10T18:36:56.2811300Z [command]/usr/bin/git config --local --name-only --get-regexp core\.sshCommand
smoke	Post Run actions/checkout@v4	2025-11-10T18:36:56.2848787Z [command]/usr/bin/git submodule foreach --recursive sh -c "git config --local --name-only --get-regexp 'core\.sshCommand' && git config --local --unset-all 'core.sshCommand' || :"
smoke	Post Run actions/checkout@v4	2025-11-10T18:36:56.3102280Z [command]/usr/bin/git config --local --name-only --get-regexp http\.https\:\/\/github\.com\/\.extraheader
smoke	Post Run actions/checkout@v4	2025-11-10T18:36:56.3128624Z http.https://github.com/.extraheader
smoke	Post Run actions/checkout@v4	2025-11-10T18:36:56.3143116Z [command]/usr/bin/git config --local --unset-all http.https://github.com/.extraheader
smoke	Post Run actions/checkout@v4	2025-11-10T18:36:56.3178014Z [command]/usr/bin/git submodule foreach --recursive sh -c "git config --local --name-only --get-regexp 'http\.https\:\/\/github\.com\/\.extraheader' && git config --local --unset-all 'http.https://github.com/.extraheader' || :"
smoke	Complete job	﻿2025-11-10T18:36:56.3579176Z Cleaning up orphan processes
